{
  "ablation": [
    {
      "mechanism": "PAC",
      "mean_regret": 0.0,
      "mean_ir_violation": 0.0,
      "mean_revenue": 8.178284645080566,
      "bf_rate": 1.0,
      "revenue_efficiency": 0.16356569528579712,
      "mean_social_welfare": 4.089085578918457
    },
    {
      "mechanism": "VCG",
      "mean_regret": 0.0,
      "mean_ir_violation": 0.0,
      "mean_revenue": 8.178284645080566,
      "bf_rate": 1.0,
      "revenue_efficiency": 0.16356569528579712,
      "mean_social_welfare": 4.089085578918457
    }
  ]
}