{
  "meta": {
    "dataset": "CIFAR10",
    "alpha": 0.1,
    "seed": 0,
    "n_agents": 10,
    "n_rounds": 80,
    "rnd_step": 5,
    "budget_rate_range": [
      0.8,
      0.8
    ],
    "note": "Per-round budget = max_cost(reports) * U[min,max]; same draws for all methods.",
    "rounds_logged": [
      1,
      5,
      10,
      15,
      20,
      25,
      30,
      35,
      40,
      45,
      50,
      55,
      60,
      65,
      70,
      75,
      80
    ],
    "fl_deploy": "laplace_gradient_convlaggr",
    "delta_dp_gaussian": null,
    "eps_min_alg2": null
  },
  "methods": {
    "Ours": {
      "test_acc": [
        0.088,
        0.0988,
        0.0998,
        0.0994,
        0.096,
        0.1082,
        0.1152,
        0.1218,
        0.1171,
        0.1207,
        0.106,
        0.1064,
        0.1077,
        0.1039,
        0.0999,
        0.0973,
        0.1019
      ],
      "train_loss": [
        2.313103127479553,
        16.783421516418457,
        1257.9650421142578,
        1291.814842224121,
        2518.449169921875,
        9214.301220703124,
        9239.648681640625,
        14428.26123046875,
        16660.720361328124,
        21496.109765625,
        29135.890625,
        28286.4013671875,
        36821.38544921875,
        43287.268359375,
        107306.105859375,
        124027.412890625,
        117530.53046875
      ]
    },
    "CSRA": {
      "test_acc": [
        0.1189,
        0.0651,
        0.0928,
        0.1066,
        0.0978,
        0.102,
        0.0931,
        0.0934,
        0.1,
        0.1004,
        0.099,
        0.1,
        0.0786,
        0.0788,
        0.0867,
        0.089,
        0.0857
      ],
      "train_loss": [
        2.285978158315023,
        9.984418286217583,
        84.42823515997992,
        273.2258783976237,
        279.43399641248914,
        451.0898267957899,
        1456.3091973198784,
        1516.1235487196182,
        2131.1234130859375,
        3840.690375434028,
        4210.933485243056,
        5305.74602593316,
        6324.166178385417,
        8322.528564453125,
        11874.494140625,
        16173.299045138889,
        14816.395941840277
      ]
    },
    "MFG-Pricing": {
      "test_acc": [
        0.1183,
        0.1083,
        0.103,
        0.112,
        0.1218,
        0.1062,
        0.1059,
        0.0969,
        0.0882,
        0.088,
        0.0979,
        0.1152,
        0.1118,
        0.1076,
        0.1015,
        0.1001,
        0.1014
      ],
      "train_loss": [
        2.3062533855438234,
        16.550561904907227,
        730.2042556762696,
        1536.7106735229493,
        2447.1824462890627,
        9136.8568359375,
        9891.841333007813,
        12496.568359375,
        13519.381103515625,
        16738.349169921876,
        18236.24873046875,
        21815.448828125,
        22882.7041015625,
        33273.62265625,
        71068.594921875,
        83443.676171875,
        83457.05234375
      ]
    },
    "PAC": {
      "test_acc": [
        0.1008,
        0.0947,
        0.0921,
        0.0957,
        0.1104,
        0.084,
        0.0893,
        0.0931,
        0.0863,
        0.0921,
        0.087,
        0.0996,
        0.09,
        0.0883,
        0.1095,
        0.1198,
        0.1187
      ],
      "train_loss": [
        2.303743150499132,
        9.200844446818033,
        51.804796854654946,
        134.4509752061632,
        358.22879197862414,
        787.8671095106337,
        1553.5184665256077,
        2562.6483561197915,
        3671.365817599826,
        4055.7427842881943,
        5607.766899956598,
        7705.970269097223,
        7175.779134114583,
        6869.632514105902,
        7920.282796223958,
        9725.625379774305,
        10609.816731770834
      ]
    },
    "RegretNet": {
      "test_acc": [
        0.122,
        0.122,
        0.122,
        0.122,
        0.122,
        0.1,
        0.1,
        0.1,
        0.1,
        0.1,
        0.1072,
        0.1072,
        0.1009,
        0.1009,
        0.1009,
        0.1009,
        0.1009
      ],
      "train_loss": [
        0.0,
        0.0,
        0.0,
        0.0,
        0.0,
        0.0,
        0.0,
        0.0,
        0.0,
        0.0,
        0.0,
        0.0,
        11.65212345123291,
        0.0,
        0.0,
        0.0,
        0.0
      ]
    },
    "Uniform-DP": {
      "test_acc": [
        0.0763,
        0.0947,
        0.087,
        0.0787,
        0.1135,
        0.0987,
        0.097,
        0.0881,
        0.1134,
        0.1091,
        0.1008,
        0.1002,
        0.103,
        0.0997,
        0.1071,
        0.0972,
        0.104
      ],
      "train_loss": [
        2.3112503051757813,
        2.3601237535476685,
        2.8077258706092834,
        4.494352769851685,
        6.6081979990005495,
        14.900980567932129,
        20.40699996948242,
        20.94772262573242,
        24.204636096954346,
        29.61371898651123,
        56.71558780670166,
        69.7950922012329,
        78.8041389465332,
        96.65330848693847,
        110.53064765930176,
        104.46322822570801,
        108.7829418182373
      ]
    },
    "No-DP (upper)": {
      "test_acc": [
        0.1,
        0.1,
        0.1,
        0.1,
        0.1,
        0.1,
        0.1,
        0.1,
        0.1,
        0.1,
        0.1,
        0.1001,
        0.1001,
        0.1001,
        0.1001,
        0.1001,
        0.1001
      ],
      "train_loss": [
        2.2956746339797975,
        2.2956244945526123,
        2.2955642461776735,
        2.2954938888549803,
        2.295418357849121,
        2.2953552484512327,
        2.2952930212020872,
        2.2952253580093385,
        2.2951703548431395,
        2.29510235786438,
        2.2950277805328367,
        2.2949575662612913,
        2.2948980569839477,
        2.2948126554489137,
        2.2947266817092897,
        2.294678544998169,
        2.294615292549133
      ]
    }
  }
}