{
  "meta": {
    "dataset": "CIFAR10",
    "alpha": 0.1,
    "seed": 1,
    "n_agents": 10,
    "n_rounds": 80,
    "rnd_step": 5,
    "budget_rate_range": [
      0.1,
      2.0
    ],
    "note": "Per-round budget = max_cost(reports) * U[min,max]; same draws for all methods.",
    "rounds_logged": [
      1,
      5,
      10,
      15,
      20,
      25,
      30,
      35,
      40,
      45,
      50,
      55,
      60,
      65,
      70,
      75,
      80
    ],
    "fl_deploy": "pag_alg2_gaussian_weights_eps_fedavg",
    "delta_dp_gaussian": 0.01,
    "eps_min_alg2": 0.1
  },
  "methods": {
    "Ours": {
      "test_acc": [
        0.0973,
        0.1005,
        0.0958,
        0.1047,
        0.105,
        0.0954,
        0.0858,
        0.0887,
        0.1061,
        0.1053,
        0.0906,
        0.0901,
        0.0912,
        0.101,
        0.1088,
        0.1003,
        0.0994
      ],
      "train_loss": [
        2.3120202302932737,
        179861.578125,
        812256.853125,
        2911105.20625,
        7541357.6,
        21093127.6,
        33731697.7,
        48351574.0,
        49421718.0,
        69901051.6,
        97745676.8,
        135837868.0,
        180513351.2,
        174917487.2,
        168237333.2,
        245948700.8,
        265712894.4
      ]
    },
    "CSRA": {
      "test_acc": [
        0.1224,
        0.0945,
        0.102,
        0.1018,
        0.0736,
        0.097,
        0.0961,
        0.11,
        0.1049,
        0.106,
        0.0953,
        0.0951,
        0.1019,
        0.0947,
        0.088,
        0.0938,
        0.1031
      ],
      "train_loss": [
        2.292492389678955,
        24161582.888888888,
        149397411.55555555,
        314147749.3333333,
        1078309731.5555556,
        1852221461.3333333,
        3574052138.6666665,
        4943227619.555555,
        4350283470.222222,
        7881539345.777778,
        8018499086.222222,
        14145417216.0,
        10430241578.666666,
        14729899861.333334,
        15535608149.333334,
        23354222023.11111,
        31482424206.22222
      ]
    },
    "MFG-Pricing": {
      "test_acc": [
        0.1069,
        0.0959,
        0.1164,
        0.1013,
        0.1042,
        0.1159,
        0.0962,
        0.0832,
        0.0993,
        0.0803,
        0.1065,
        0.0983,
        0.1001,
        0.1014,
        0.099,
        0.111,
        0.1075
      ],
      "train_loss": [
        2.304581356048584,
        124384.145703125,
        1054265.45,
        2193242.0375,
        9662700.05,
        14900061.35,
        37875042.8,
        65193586.0,
        74303694.4,
        91266155.2,
        102671618.8,
        166399568.0,
        172067775.2,
        249042104.0,
        287670564.0,
        274480836.8,
        383864099.2
      ]
    },
    "RegretNet": {
      "test_acc": [
        0.0923,
        0.0923,
        0.0923,
        0.0855,
        0.0855,
        0.0855,
        0.0855,
        0.0855,
        0.0855,
        0.0794,
        0.0794,
        0.0794,
        0.0794,
        0.0669,
        0.0669,
        0.0602,
        0.0602
      ],
      "train_loss": [
        0.0,
        0.0,
        0.0,
        0.0,
        0.0,
        0.0,
        0.0,
        0.0,
        0.0,
        0.0,
        0.0,
        0.0,
        0.0,
        0.0,
        0.0,
        4564567552.0,
        0.0
      ]
    },
    "Uniform-DP": {
      "test_acc": [
        0.0945,
        0.1309,
        0.0992,
        0.09,
        0.1038,
        0.0835,
        0.0986,
        0.0966,
        0.1011,
        0.0751,
        0.1115,
        0.105,
        0.0964,
        0.1032,
        0.1135,
        0.1067,
        0.1033
      ],
      "train_loss": [
        2.3003735065460207,
        101297.21953125,
        1156752.765625,
        2530406.275,
        6109033.0,
        9479735.0,
        14262348.0,
        21325185.7,
        50715021.4,
        57978158.4,
        64251147.2,
        68628305.4,
        88925416.0,
        139196528.0,
        169807008.0,
        191411085.6,
        246474682.4
      ]
    },
    "No-DP (upper)": {
      "test_acc": [
        0.0989,
        0.0988,
        0.0987,
        0.0982,
        0.0982,
        0.0981,
        0.0979,
        0.0977,
        0.0976,
        0.0976,
        0.0974,
        0.0973,
        0.0972,
        0.0973,
        0.0974,
        0.0972,
        0.097
      ],
      "train_loss": [
        2.3106877326965334,
        2.3106337547302247,
        2.3105658054351808,
        2.3104992866516114,
        2.3104317665100096,
        2.3103638172149656,
        2.310296893119812,
        2.3102298974990845,
        2.310161566734314,
        2.3100937366485597,
        2.3100271463394164,
        2.309960675239563,
        2.3098928689956666,
        2.309825825691223,
        2.3097588062286376,
        2.3096925258636474,
        2.3096259117126463
      ]
    }
  }
}