{
  "meta": {
    "dataset": "CIFAR10",
    "alpha": 0.1,
    "seed": 0,
    "n_agents": 10,
    "n_rounds": 80,
    "rnd_step": 5,
    "budget_rate_range": [
      0.1,
      2.0
    ],
    "note": "Per-round budget = max_cost(reports) * U[min,max]; same draws for all methods.",
    "rounds_logged": [
      1,
      5,
      10,
      15,
      20,
      25,
      30,
      35,
      40,
      45,
      50,
      55,
      60,
      65,
      70,
      75,
      80
    ],
    "fl_deploy": "pag_alg2_gaussian_weights_eps_fedavg",
    "delta_dp_gaussian": 0.01,
    "eps_min_alg2": 0.1
  },
  "methods": {
    "Ours": {
      "test_acc": [
        0.0956,
        0.0999,
        0.0897,
        0.0897,
        0.1107,
        0.1016,
        0.0934,
        0.0946,
        0.113,
        0.1012,
        0.1051,
        0.1036,
        0.0965,
        0.1012,
        0.0907,
        0.0934,
        0.0991
      ],
      "train_loss": [
        2.313103127479553,
        268029.01015625,
        508458.815625,
        3616546.703125,
        9432794.475,
        15067620.9,
        19368434.1,
        24339208.45,
        33044305.6,
        70231466.8,
        98047354.0,
        116990624.4,
        157009812.8,
        144465598.4,
        158420114.4,
        194698856.0,
        248377083.2
      ]
    },
    "CSRA": {
      "test_acc": [
        0.1224,
        0.0945,
        0.102,
        0.1018,
        0.0736,
        0.097,
        0.107,
        0.1146,
        0.1007,
        0.103,
        0.0881,
        0.0838,
        0.0953,
        0.0972,
        0.097,
        0.0936,
        0.1057
      ],
      "train_loss": [
        2.285978158315023,
        23778878.166666668,
        150753100.0,
        358632830.2222222,
        1027149564.4444444,
        1710829745.7777777,
        3386766592.0,
        4891928974.222222,
        4883323093.333333,
        9514216298.666666,
        8265757639.111111,
        16152009216.0,
        10655439701.333334,
        14681645568.0,
        17021578581.333334,
        31428567267.555557,
        39671231715.55556
      ]
    },
    "MFG-Pricing": {
      "test_acc": [
        0.1037,
        0.0928,
        0.1098,
        0.1012,
        0.1002,
        0.1101,
        0.0981,
        0.0955,
        0.1036,
        0.089,
        0.1048,
        0.1055,
        0.1101,
        0.0889,
        0.0967,
        0.102,
        0.1051
      ],
      "train_loss": [
        2.3062533855438234,
        291278.341015625,
        692356.571875,
        2285984.6625,
        12168127.75,
        15354811.95,
        17779603.875,
        33131733.6,
        49233001.2,
        47316492.0,
        92908473.7,
        167128422.8,
        173782323.2,
        234466732.0,
        293260801.6,
        289672609.6,
        327309559.2
      ]
    },
    "RegretNet": {
      "test_acc": [
        0.0923,
        0.0923,
        0.0923,
        0.0923,
        0.0923,
        0.0923,
        0.0923,
        0.0861,
        0.0861,
        0.0861,
        0.0861,
        0.0861,
        0.0861,
        0.1017,
        0.1017,
        0.1017,
        0.1017
      ],
      "train_loss": [
        0.0,
        0.0,
        0.0,
        0.0,
        0.0,
        0.0,
        0.0,
        0.0,
        0.0,
        0.0,
        0.0,
        0.0,
        0.0,
        0.0,
        0.0,
        0.0,
        0.0
      ]
    },
    "Uniform-DP": {
      "test_acc": [
        0.1026,
        0.1311,
        0.1055,
        0.1025,
        0.1049,
        0.082,
        0.0854,
        0.0853,
        0.0865,
        0.0761,
        0.104,
        0.094,
        0.101,
        0.1012,
        0.0978,
        0.0992,
        0.1091
      ],
      "train_loss": [
        2.3041533470153808,
        104017.964453125,
        1050330.275,
        2539393.15,
        5588744.075,
        7962276.625,
        12440406.1,
        21852956.8,
        51476293.4,
        61419576.6,
        63815181.0,
        74766589.2,
        88672976.0,
        130221445.2,
        169437382.4,
        176723018.4,
        247122754.4
      ]
    },
    "No-DP (upper)": {
      "test_acc": [
        0.099,
        0.0989,
        0.0989,
        0.0988,
        0.0987,
        0.0987,
        0.0987,
        0.0987,
        0.0987,
        0.0987,
        0.0987,
        0.0987,
        0.0987,
        0.0986,
        0.0987,
        0.0987,
        0.0986
      ],
      "train_loss": [
        2.3112503051757813,
        2.3112097501754763,
        2.3111584901809694,
        2.3111084699630737,
        2.3110589742660523,
        2.311009931564331,
        2.310958814620972,
        2.3109091997146605,
        2.3108574628829954,
        2.310807800292969,
        2.3107566356658937,
        2.3107052564620973,
        2.310655117034912,
        2.3106049060821534,
        2.310553050041199,
        2.3105026483535767,
        2.310452175140381
      ]
    }
  }
}