{
  "meta": {
    "dataset": "CIFAR10",
    "alpha": 0.5,
    "seed": 0,
    "n_agents": 10,
    "n_rounds": 80,
    "rnd_step": 5,
    "budget_rate_range": [
      0.1,
      2.0
    ],
    "note": "Per-round budget = max_cost(reports) * U[min,max]; same draws for all methods.",
    "rounds_logged": [
      1,
      5,
      10,
      15,
      20,
      25,
      30,
      35,
      40,
      45,
      50,
      55,
      60,
      65,
      70,
      75,
      80
    ],
    "fl_deploy": "pag_alg2_gaussian_weights_eps_fedavg",
    "delta_dp_gaussian": 0.01,
    "eps_min_alg2": 0.1
  },
  "methods": {
    "Ours": {
      "test_acc": [
        0.0955,
        0.0999,
        0.0897,
        0.0898,
        0.1107,
        0.1016,
        0.0933,
        0.0946,
        0.113,
        0.1013,
        0.1051,
        0.1036,
        0.0965,
        0.1013,
        0.0907,
        0.0934,
        0.0991
      ],
      "train_loss": [
        2.311937618255615,
        255380.096875,
        513544.3859375,
        3581378.95,
        9157263.125,
        14142669.75,
        17647904.45,
        22269224.5,
        31642039.9,
        67114434.0,
        95725716.4,
        114426754.4,
        151954648.8,
        143226697.6,
        155163038.4,
        196522812.8,
        251285857.6
      ]
    },
    "CSRA": {
      "test_acc": [
        0.1224,
        0.0945,
        0.102,
        0.1018,
        0.0736,
        0.097,
        0.107,
        0.1146,
        0.1007,
        0.103,
        0.0881,
        0.0838,
        0.0955,
        0.0972,
        0.097,
        0.0936,
        0.1057
      ],
      "train_loss": [
        2.301549620098538,
        22755237.444444444,
        154202981.33333334,
        330122997.3333333,
        1090134627.5555556,
        1777425621.3333333,
        3313505393.7777777,
        5080167310.222222,
        5223556437.333333,
        9976078677.333334,
        8709566919.11111,
        16500133546.666666,
        12566928156.444445,
        16129821354.666666,
        18173019363.555557,
        32528271815.11111,
        40549273600.0
      ]
    },
    "MFG-Pricing": {
      "test_acc": [
        0.1037,
        0.0927,
        0.1098,
        0.1012,
        0.1002,
        0.1101,
        0.098,
        0.0954,
        0.1036,
        0.0889,
        0.1048,
        0.1055,
        0.1101,
        0.089,
        0.0967,
        0.1019,
        0.1049
      ],
      "train_loss": [
        2.30331130027771,
        289758.3484375,
        732037.28125,
        2442345.4,
        12361177.3,
        15987038.2,
        18535893.5,
        32789247.6,
        50906822.0,
        50055010.0,
        96774694.4,
        167195385.6,
        169267545.6,
        232250366.4,
        297022985.6,
        291818908.8,
        331706686.4
      ]
    },
    "RegretNet": {
      "test_acc": [
        0.0923,
        0.0923,
        0.0923,
        0.0923,
        0.0923,
        0.0923,
        0.0923,
        0.0861,
        0.0861,
        0.0861,
        0.0861,
        0.0861,
        0.0861,
        0.1017,
        0.1017,
        0.1017,
        0.1017
      ],
      "train_loss": [
        0.0,
        0.0,
        0.0,
        0.0,
        0.0,
        0.0,
        0.0,
        0.0,
        0.0,
        0.0,
        0.0,
        0.0,
        0.0,
        0.0,
        0.0,
        0.0,
        0.0
      ]
    },
    "Uniform-DP": {
      "test_acc": [
        0.1026,
        0.131,
        0.1056,
        0.1026,
        0.105,
        0.082,
        0.0853,
        0.0854,
        0.0865,
        0.0761,
        0.1039,
        0.094,
        0.101,
        0.1012,
        0.0978,
        0.0993,
        0.109
      ],
      "train_loss": [
        2.3088629961013796,
        103540.40234375,
        1031508.98125,
        2431589.9,
        5456344.2,
        7650454.45,
        11418605.7,
        20489615.6,
        46555448.2,
        55833976.6,
        58385798.4,
        68326138.8,
        81237059.6,
        119761909.6,
        151918607.2,
        164516889.6,
        230996342.4
      ]
    },
    "No-DP (upper)": {
      "test_acc": [
        0.0989,
        0.0988,
        0.0987,
        0.0986,
        0.0984,
        0.0982,
        0.0981,
        0.0981,
        0.0979,
        0.0978,
        0.0976,
        0.0975,
        0.0975,
        0.0974,
        0.0975,
        0.0974,
        0.0975
      ],
      "train_loss": [
        2.3045918226242064,
        2.304552412033081,
        2.304504704475403,
        2.304455852508545,
        2.304406523704529,
        2.304359269142151,
        2.304310941696167,
        2.3042628526687623,
        2.30421359539032,
        2.3041655302047728,
        2.3041173696517943,
        2.3040691614151,
        2.3040209293365477,
        2.3039736986160277,
        2.303926205635071,
        2.3038787126541136,
        2.3038309812545776
      ]
    }
  }
}