{
  "meta": {
    "dataset": "CIFAR10",
    "alpha": 0.1,
    "seed": 1,
    "n_agents": 10,
    "n_rounds": 80,
    "rnd_step": 5,
    "budget_rate_range": [
      0.8,
      0.8
    ],
    "note": "Per-round budget = max_cost(reports) * U[min,max]; same draws for all methods.",
    "rounds_logged": [
      1,
      5,
      10,
      15,
      20,
      25,
      30,
      35,
      40,
      45,
      50,
      55,
      60,
      65,
      70,
      75,
      80
    ],
    "fl_deploy": "laplace_gradient_convlaggr",
    "delta_dp_gaussian": null,
    "eps_min_alg2": null
  },
  "methods": {
    "Ours": {
      "test_acc": [
        0.0962,
        0.1029,
        0.0916,
        0.1,
        0.12,
        0.1015,
        0.1065,
        0.1037,
        0.1068,
        0.0903,
        0.0994,
        0.0934,
        0.1003,
        0.0977,
        0.0944,
        0.0952,
        0.0954
      ],
      "train_loss": [
        2.3120202302932737,
        5.956096363067627,
        985.6369201660157,
        1329.8500427246095,
        1048.6931701660155,
        4133.975390625,
        5843.403540039062,
        12684.696826171876,
        14210.83720703125,
        17989.30654296875,
        33628.1921875,
        40021.9974609375,
        54531.6701171875,
        59515.3263671875,
        56459.7365234375,
        90431.606640625,
        83489.876953125
      ]
    },
    "CSRA": {
      "test_acc": [
        0.1201,
        0.108,
        0.1008,
        0.0867,
        0.0934,
        0.0945,
        0.1037,
        0.0942,
        0.1051,
        0.0915,
        0.1141,
        0.0999,
        0.0931,
        0.092,
        0.0877,
        0.0817,
        0.1039
      ],
      "train_loss": [
        2.292492389678955,
        14.430635187360975,
        119.04721959431966,
        173.67722659640842,
        223.9734319051107,
        540.9070265028212,
        984.7176954481337,
        1352.9393615722656,
        1360.1152038574219,
        1911.6830512152778,
        2105.0128377278647,
        2886.1375868055557,
        3424.2255588107637,
        4498.956597222223,
        6081.960394965277,
        6738.19140625,
        6539.549777560764
      ]
    },
    "MFG-Pricing": {
      "test_acc": [
        0.0955,
        0.0897,
        0.104,
        0.1011,
        0.1127,
        0.1279,
        0.1104,
        0.1011,
        0.1063,
        0.0975,
        0.1029,
        0.1023,
        0.1009,
        0.1002,
        0.1,
        0.1025,
        0.0904
      ],
      "train_loss": [
        2.304581356048584,
        8.476667737960815,
        679.0829025268555,
        807.7344989776611,
        1071.8099853515625,
        4463.527624511718,
        5685.791284179688,
        10613.996435546875,
        21102.61318359375,
        32096.1208984375,
        48313.5076171875,
        46774.6607421875,
        55915.590234375,
        86544.341015625,
        84293.5609375,
        88817.276953125,
        97105.562890625
      ]
    },
    "PAC": {
      "test_acc": [
        0.0999,
        0.0931,
        0.0984,
        0.1025,
        0.1017,
        0.093,
        0.0888,
        0.0961,
        0.0918,
        0.1041,
        0.1119,
        0.101,
        0.1046,
        0.1168,
        0.1063,
        0.1202,
        0.1154
      ],
      "train_loss": [
        2.3118433157602944,
        11.799943923950195,
        58.42692120869955,
        98.20320087009006,
        262.8539632161458,
        588.6240878634983,
        718.5879482693142,
        1456.7013278537327,
        3036.9957682291665,
        2380.0192599826387,
        3559.013224283854,
        4253.322835286458,
        4367.516059027777,
        5397.272054036458,
        8501.895724826389,
        10994.803602430555,
        10464.835557725695
      ]
    },
    "RegretNet": {
      "test_acc": [
        0.122,
        0.122,
        0.122,
        0.122,
        0.122,
        0.0982,
        0.0982,
        0.0982,
        0.0982,
        0.0982,
        0.0976,
        0.0976,
        0.0534,
        0.0534,
        0.0534,
        0.0534,
        0.0534
      ],
      "train_loss": [
        0.0,
        0.0,
        0.0,
        0.0,
        0.0,
        0.0,
        0.0,
        0.0,
        0.0,
        0.0,
        0.0,
        0.0,
        59.64680480957031,
        0.0,
        0.0,
        0.0,
        0.0
      ]
    },
    "Uniform-DP": {
      "test_acc": [
        0.0929,
        0.1213,
        0.0924,
        0.0816,
        0.0966,
        0.1024,
        0.095,
        0.1053,
        0.1008,
        0.1076,
        0.1028,
        0.1047,
        0.1109,
        0.124,
        0.1361,
        0.1093,
        0.099
      ],
      "train_loss": [
        2.3106877326965334,
        2.393171179294586,
        2.818211221694946,
        4.307638812065124,
        5.6719078540802,
        6.466450577974319,
        9.114924049377441,
        11.36576566696167,
        14.70426802635193,
        23.34506425857544,
        27.676940155029296,
        37.755558013916016,
        34.02164916992187,
        42.90180616378784,
        55.33908958435059,
        81.57667541503906,
        104.33921508789062
      ]
    },
    "No-DP (upper)": {
      "test_acc": [
        0.1,
        0.1,
        0.1,
        0.1,
        0.1,
        0.1,
        0.1,
        0.1,
        0.1,
        0.1,
        0.1,
        0.1,
        0.1,
        0.1,
        0.1,
        0.1,
        0.1
      ],
      "train_loss": [
        2.2957509756088257,
        2.2957122564315795,
        2.2956372261047364,
        2.295565056800842,
        2.2954954624176027,
        2.2954327344894407,
        2.295378398895264,
        2.295298528671265,
        2.295238757133484,
        2.2951859712600706,
        2.295133137702942,
        2.2950657844543456,
        2.2950160264968873,
        2.2949437379837034,
        2.294897127151489,
        2.2948372840881346,
        2.2947656393051146
      ]
    }
  }
}