{
  "meta": {
    "dataset": "CIFAR10",
    "alpha": 0.5,
    "seed": 2,
    "n_agents": 10,
    "n_rounds": 80,
    "rnd_step": 5,
    "budget_rate_range": [
      0.1,
      2.0
    ],
    "note": "Per-round budget = max_cost(reports) * U[min,max]; same draws for all methods.",
    "rounds_logged": [
      1,
      5,
      10,
      15,
      20,
      25,
      30,
      35,
      40,
      45,
      50,
      55,
      60,
      65,
      70,
      75,
      80
    ],
    "fl_deploy": "pag_alg2_gaussian_weights_eps_fedavg",
    "delta_dp_gaussian": 0.01,
    "eps_min_alg2": 0.1
  },
  "methods": {
    "Ours": {
      "test_acc": [
        0.096,
        0.1002,
        0.0979,
        0.1017,
        0.1216,
        0.1098,
        0.1023,
        0.1202,
        0.1165,
        0.1063,
        0.0848,
        0.0907,
        0.0875,
        0.0984,
        0.1009,
        0.0901,
        0.0898
      ],
      "train_loss": [
        2.3079987525939942,
        325763.503125,
        1347089.45625,
        8906107.75,
        12601524.5,
        26366174.2,
        33337136.4,
        44245399.6,
        48587939.8,
        69114312.8,
        112616976.0,
        161712839.2,
        168683544.0,
        136972105.6,
        168747159.2,
        221971652.0,
        228375064.0
      ]
    },
    "CSRA": {
      "test_acc": [
        0.0932,
        0.0914,
        0.1038,
        0.1097,
        0.065,
        0.0948,
        0.0947,
        0.1096,
        0.1029,
        0.1108,
        0.0873,
        0.0843,
        0.0911,
        0.0862,
        0.0807,
        0.0895,
        0.1011
      ],
      "train_loss": [
        2.3147575855255127,
        19576428.888888888,
        133317024.0,
        380410240.0,
        934704711.1111112,
        1908801351.1111112,
        3516734634.6666665,
        4617752035.555555,
        4139900899.5555553,
        7482332956.444445,
        8638563669.333334,
        12890263893.333334,
        11905918179.555555,
        14492795335.11111,
        16661254371.555555,
        25789560832.0,
        30353835349.333332
      ]
    },
    "MFG-Pricing": {
      "test_acc": [
        0.1057,
        0.094,
        0.0973,
        0.1018,
        0.0959,
        0.1189,
        0.1013,
        0.0963,
        0.101,
        0.1094,
        0.1032,
        0.1041,
        0.1143,
        0.1032,
        0.0996,
        0.098,
        0.105
      ],
      "train_loss": [
        2.3092028379440306,
        292652.509375,
        1670503.6125,
        6241967.35,
        12326704.4,
        16339916.9,
        30706083.8,
        46345715.0,
        80301075.2,
        80661119.2,
        104320897.6,
        171162768.0,
        194783796.0,
        233791369.6,
        289534630.4,
        293749862.4,
        309948297.6
      ]
    },
    "RegretNet": {
      "test_acc": [
        0.0923,
        0.0923,
        0.0923,
        0.0923,
        0.0923,
        0.0923,
        0.0923,
        0.0967,
        0.0967,
        0.0967,
        0.0967,
        0.102,
        0.102,
        0.0989,
        0.0989,
        0.0989,
        0.0989
      ],
      "train_loss": [
        0.0,
        0.0,
        0.0,
        0.0,
        0.0,
        0.0,
        0.0,
        0.0,
        0.0,
        0.0,
        0.0,
        0.0,
        0.0,
        280969969664.0,
        0.0,
        0.0,
        0.0
      ]
    },
    "Uniform-DP": {
      "test_acc": [
        0.0874,
        0.1312,
        0.0955,
        0.0981,
        0.1058,
        0.0778,
        0.1019,
        0.0984,
        0.1063,
        0.077,
        0.1086,
        0.1118,
        0.1033,
        0.1026,
        0.1128,
        0.1113,
        0.1045
      ],
      "train_loss": [
        2.3040425062179564,
        107490.78984375,
        928523.95625,
        2050615.86875,
        5292144.35,
        8865834.3,
        13562331.45,
        19825015.3,
        46730438.8,
        53652441.8,
        57044340.0,
        59697292.8,
        85797112.4,
        123438806.4,
        153835025.6,
        183865914.4,
        239922502.4
      ]
    },
    "No-DP (upper)": {
      "test_acc": [
        0.099,
        0.0991,
        0.0991,
        0.0993,
        0.0993,
        0.0993,
        0.0992,
        0.0993,
        0.0993,
        0.0993,
        0.0994,
        0.0995,
        0.0995,
        0.0994,
        0.0995,
        0.0995,
        0.0996
      ],
      "train_loss": [
        2.3046353101730346,
        2.3045986175537108,
        2.3045538902282714,
        2.3045090436935425,
        2.304464316368103,
        2.304419159889221,
        2.3043737173080445,
        2.3043281555175783,
        2.304282474517822,
        2.3042366981506346,
        2.3041920900344848,
        2.304147744178772,
        2.3041027307510378,
        2.304058384895325,
        2.304013204574585,
        2.303969168663025,
        2.3039242029190063
      ]
    }
  }
}