{
  "meta": {
    "dataset": "CIFAR10",
    "alpha": 0.5,
    "seed": 0,
    "n_agents": 10,
    "n_rounds": 100,
    "rnd_step": 5,
    "budget_rate_range": [
      0.1,
      2.0
    ],
    "fixed_budget": 50.0,
    "note": "Per-round budget = fixed_budget if >0 else max_cost(reports) * U[min,max]; same draws for all methods.",
    "rounds_logged": [
      1,
      5,
      10,
      15,
      20,
      25,
      30,
      35,
      40,
      45,
      50,
      55,
      60,
      65,
      70,
      75,
      80,
      85,
      90,
      95,
      100
    ],
    "fl_deploy": "laplace_gradient_convlaggr",
    "delta_dp_gaussian": null,
    "eps_min_alg2": null,
    "local_epochs": 3,
    "local_batch_size": 64,
    "fl_lr": 0.045
  },
  "methods": {
    "Ours": {
      "test_acc": [
        0.1,
        0.1486,
        0.1988,
        0.1929,
        0.216,
        0.2729,
        0.2376,
        0.2588,
        0.2558,
        0.33,
        0.3351,
        0.3369,
        0.3449,
        0.3519,
        0.3683,
        0.3856,
        0.3762,
        0.338,
        0.358,
        0.3635,
        0.2725
      ],
      "train_loss": [
        2.1565053780873615,
        2.0757154266039533,
        1.8990709483623505,
        1.8651885946591695,
        1.8055444889598422,
        1.806682401895523,
        1.7559968769550323,
        1.7142545998096466,
        1.6694968263308207,
        1.6046131610870362,
        1.6431260416905085,
        1.5532301684220633,
        1.5838301320870718,
        2.0713372270266217,
        1.5849745452404023,
        1.4966534107923508,
        1.5346482932567596,
        1.5572490513324737,
        1.5717561890681584,
        1.5365748922030131,
        1.5304419616858165
      ],
      "mean_eps_bar": 2.6298626112937926
    },
    "CSRA": {
      "test_acc": [
        0.1,
        0.1495,
        0.1533,
        0.1857,
        0.2453,
        0.2462,
        0.215,
        0.2417,
        0.2564,
        0.2838,
        0.2989,
        0.2404,
        0.2334,
        0.2802,
        0.2694,
        0.2809,
        0.301,
        0.2729,
        0.2454,
        0.2604,
        0.2402
      ],
      "train_loss": [
        2.1834888105039245,
        2.043513317902883,
        1.9687838611148654,
        1.8667562678456306,
        1.8591692820191383,
        1.827938194628115,
        1.9696424769030676,
        1.8474908499490648,
        1.7952193021774292,
        1.731014760831992,
        1.797216221690178,
        2.004429876804352,
        1.847970296939214,
        1.7134986991683643,
        1.7877687538663547,
        1.7433834230458294,
        1.6760386802532055,
        1.7114126571902522,
        2.038321726851993,
        1.8051330535500139,
        1.8438971241315205
      ],
      "mean_eps_bar": 0.5961666758358478
    },
    "MFG-Pricing": {
      "test_acc": [
        0.1,
        0.1008,
        0.1182,
        0.1669,
        0.2306,
        0.2743,
        0.2562,
        0.2432,
        0.3054,
        0.3356,
        0.3384,
        0.32,
        0.3396,
        0.3329,
        0.346,
        0.3544,
        0.3801,
        0.359,
        0.3597,
        0.3217,
        0.2641
      ],
      "train_loss": [
        2.1373561024665833,
        2.0863338967164355,
        1.948906135559082,
        1.9106236000855763,
        1.7994647552569707,
        1.7952434738477072,
        1.7170336325963338,
        1.766487604379654,
        1.642523358265559,
        1.5986836890379588,
        1.665068523089091,
        1.5880695541699728,
        1.5728515634934108,
        1.869381497303645,
        1.537689850727717,
        1.5409257421890894,
        1.5657880733410516,
        1.5085288455088934,
        1.5546489874521892,
        1.505347587664922,
        1.494748741388321
      ],
      "mean_eps_bar": 2.6282605171203612
    },
    "PAC": {
      "test_acc": [
        0.1,
        0.1,
        0.1459,
        0.194,
        0.2243,
        0.2909,
        0.2458,
        0.2783,
        0.2756,
        0.3186,
        0.3227,
        0.3032,
        0.3113,
        0.3495,
        0.3281,
        0.3648,
        0.3986,
        0.3607,
        0.3452,
        0.3684,
        0.2975
      ],
      "train_loss": [
        2.1588604715135364,
        2.064332052513405,
        1.8936144444677565,
        1.8746372086030465,
        1.7660847593236852,
        1.7578013848375391,
        1.7232116394572787,
        1.7505216863420274,
        1.6585016162307173,
        1.5660797070573877,
        1.6450636055734422,
        1.557935878082558,
        1.57367099876757,
        1.5349814980118364,
        1.5251702820813213,
        1.446535407393067,
        1.4973388833028298,
        1.5057560249611184,
        1.5094003677368164,
        1.486276626586914,
        1.4496799332124215
      ],
      "mean_eps_bar": 1.0
    },
    "VCG": {
      "test_acc": [
        0.1,
        0.1015,
        0.1755,
        0.2061,
        0.2148,
        0.2699,
        0.2449,
        0.242,
        0.2616,
        0.3105,
        0.3222,
        0.3285,
        0.3189,
        0.3859,
        0.3603,
        0.3902,
        0.3765,
        0.3709,
        0.3502,
        0.3392,
        0.2726
      ],
      "train_loss": [
        2.173773006156639,
        2.073705635688923,
        1.9480508367220561,
        1.9245722338005349,
        1.8515963620609708,
        1.7968712912665472,
        1.7289121724941112,
        1.7393988183251134,
        1.6702052840480097,
        1.6329375858660098,
        1.632991865829185,
        1.5595176970517193,
        1.5479000983414826,
        1.5324919433505446,
        1.4998769230312772,
        1.4674081162170127,
        1.4950255354245503,
        1.489504098892212,
        1.4480118000948872,
        1.4840295215447743,
        1.4698585271835327
      ],
      "mean_eps_bar": 1.0
    },
    "RegretNet": {
      "test_acc": [
        0.1,
        0.1183,
        0.2239,
        0.243,
        0.2166,
        0.2821,
        0.2914,
        0.2778,
        0.2674,
        0.3514,
        0.3444,
        0.3333,
        0.328,
        0.372,
        0.3472,
        0.3786,
        0.3974,
        0.3641,
        0.3279,
        0.3592,
        0.3192
      ],
      "train_loss": [
        2.134850827852885,
        2.0318496962388357,
        1.92888911763827,
        1.881947413638786,
        1.7728133579095204,
        1.7888881981372833,
        1.7137878298759461,
        1.6521703720092773,
        1.6324732939402262,
        1.6188259760538737,
        1.6142090300718943,
        1.5838785469532013,
        1.5895684003829955,
        1.8256702423095703,
        1.5801982522010802,
        1.5113094945748646,
        1.5162476857503255,
        1.5630573878685634,
        1.5646796822547913,
        1.51378722290198,
        1.5534449477990468
      ],
      "mean_eps_bar": 2.6264521527290343
    },
    "DM-RegretNet": {
      "test_acc": [
        0.1,
        0.1693,
        0.1599,
        0.2199,
        0.2339,
        0.2606,
        0.2484,
        0.2427,
        0.2671,
        0.3434,
        0.3511,
        0.3029,
        0.3576,
        0.3348,
        0.3236,
        0.3748,
        0.377,
        0.3719,
        0.3642,
        0.352,
        0.2825
      ],
      "train_loss": [
        2.1626004834969836,
        2.030065139134725,
        1.8487498064835866,
        1.8570939222971599,
        1.7399136920770009,
        1.7426478803157806,
        1.6708342711130777,
        1.6892324067928173,
        1.648949271440506,
        1.5822039236625036,
        1.5893115798632305,
        1.5571774820486703,
        1.5642265359560648,
        1.9093618035316466,
        1.5518505295117697,
        1.5238319516181946,
        1.611819589138031,
        1.5719556242227555,
        1.514647219578425,
        1.5144095569849014,
        1.5293855945269266
      ],
      "mean_eps_bar": 2.62652116060257
    },