{
  "meta": {
    "dataset": "CIFAR10",
    "alpha": 0.1,
    "seed": 2,
    "n_agents": 10,
    "n_rounds": 80,
    "rnd_step": 5,
    "budget_rate_range": [
      0.1,
      2.0
    ],
    "note": "Per-round budget = max_cost(reports) * U[min,max]; same draws for all methods.",
    "rounds_logged": [
      1,
      5,
      10,
      15,
      20,
      25,
      30,
      35,
      40,
      45,
      50,
      55,
      60,
      65,
      70,
      75,
      80
    ],
    "fl_deploy": "pag_alg2_gaussian_weights_eps_fedavg",
    "delta_dp_gaussian": 0.01,
    "eps_min_alg2": 0.1
  },
  "methods": {
    "Ours": {
      "test_acc": [
        0.096,
        0.1002,
        0.0979,
        0.1017,
        0.1214,
        0.1098,
        0.1022,
        0.1201,
        0.1164,
        0.1064,
        0.0848,
        0.0907,
        0.0877,
        0.0983,
        0.101,
        0.0902,
        0.0896
      ],
      "train_loss": [
        2.306144428253174,
        358591.0421875,
        1698495.85,
        10788545.2,
        16051070.05,
        32926836.7,
        39113174.0,
        51766007.0,
        55212831.1,
        81626325.2,
        139046910.8,
        193823200.8,
        200058263.2,
        166328728.8,
        204165356.8,
        275057859.2,
        269797723.2
      ]
    },
    "CSRA": {
      "test_acc": [
        0.0932,
        0.0915,
        0.1038,
        0.1097,
        0.065,
        0.0948,
        0.0947,
        0.1096,
        0.1029,
        0.1108,
        0.0873,
        0.0843,
        0.0912,
        0.0863,
        0.0807,
        0.0895,
        0.1011
      ],
      "train_loss": [
        2.2841818067762585,
        15580591.611111112,
        128725585.33333333,
        338437135.1111111,
        831560270.2222222,
        2160286862.2222223,
        3741951630.2222223,
        4908706645.333333,
        4895463210.666667,
        7732150300.444445,
        8310354545.777778,
        15236569884.444445,
        13113829347.555555,
        15315407246.222221,
        17538979726.22222,
        29090453048.88889,
        34757927480.888885
      ]
    },
    "MFG-Pricing": {
      "test_acc": [
        0.1057,
        0.094,
        0.0974,
        0.1018,
        0.0959,
        0.1188,
        0.1013,
        0.0963,
        0.101,
        0.1092,
        0.1031,
        0.104,
        0.1143,
        0.1033,
        0.0996,
        0.0981,
        0.105
      ],
      "train_loss": [
        2.3019597053527834,
        317052.29296875,
        1478820.840625,
        5688571.68125,
        10967842.40625,
        14751042.05,
        25943810.7125,
        38879684.4,
        63415017.05,
        65443587.525,
        95583252.525,
        157522612.1,
        180326939.6,
        213256606.2,
        259593920.1,
        283236203.2,
        314188358.4
      ]
    },
    "RegretNet": {
      "test_acc": [
        0.0923,
        0.0923,
        0.0923,
        0.0923,
        0.0923,
        0.0923,
        0.0923,
        0.0967,
        0.0967,
        0.0967,
        0.0967,
        0.102,
        0.102,
        0.0989,
        0.0989,
        0.0989,
        0.0989
      ],
      "train_loss": [
        0.0,
        0.0,
        0.0,
        0.0,
        0.0,
        0.0,
        0.0,
        0.0,
        0.0,
        0.0,
        0.0,
        0.0,
        0.0,
        313641140224.0,
        0.0,
        0.0,
        0.0
      ]
    },
    "Uniform-DP": {
      "test_acc": [
        0.0874,
        0.1311,
        0.0956,
        0.098,
        0.1058,
        0.0777,
        0.1019,
        0.0984,
        0.1063,
        0.077,
        0.1086,
        0.1117,
        0.1033,
        0.1026,
        0.1125,
        0.1114,
        0.1045
      ],
      "train_loss": [
        2.305387091636658,
        92622.76625976563,
        887526.278125,
        2089504.4375,
        5835759.8,
        8682495.3,
        13120485.85,
        18657430.75,
        47850353.8,
        57474296.4,
        61208105.2,
        64394655.6,
        87528188.8,
        126430992.0,
        165516791.2,
        185624272.8,
        258837799.2
      ]
    },
    "No-DP (upper)": {
      "test_acc": [
        0.0989,
        0.0988,
        0.0986,
        0.0987,
        0.0983,
        0.0983,
        0.0982,
        0.0982,
        0.098,
        0.0979,
        0.0977,
        0.0975,
        0.0974,
        0.0974,
        0.0972,
        0.0972,
        0.0971
      ],
      "train_loss": [
        2.3112725496292112,
        2.311130142211914,
        2.310950994491577,
        2.3107735872268678,
        2.310596394538879,
        2.3104161739349367,
        2.310235786437988,
        2.3100568294525146,
        2.309875226020813,
        2.3096941471099854,
        2.3095162153244018,
        2.3093364238739014,
        2.3091574192047117,
        2.308979940414429,
        2.308798336982727,
        2.3086201667785646,
        2.3084413051605224
      ]
    }
  }
}