{
  "meta": {
    "dataset": "CIFAR10",
    "alpha": 0.5,
    "seed": 2,
    "n_agents": 10,
    "n_rounds": 100,
    "rnd_step": 5,
    "budget_rate_range": [
      0.1,
      2.0
    ],
    "fixed_budget": 50.0,
    "note": "Per-round budget = fixed_budget if >0 else max_cost(reports) * U[min,max]; same draws for all methods.",
    "rounds_logged": [
      1,
      5,
      10,
      15,
      20,
      25,
      30,
      35,
      40,
      45,
      50,
      55,
      60,
      65,
      70,
      75,
      80,
      85,
      90,
      95,
      100
    ],
    "fl_deploy": "laplace_gradient_convlaggr",
    "delta_dp_gaussian": null,
    "eps_min_alg2": null,
    "local_epochs": 3,
    "local_batch_size": 64,
    "fl_lr": 0.045
  },
  "methods": {
    "Ours": {
      "test_acc": [
        0.0992,
        0.1515,
        0.1791,
        0.2357,
        0.2367,
        0.3046,
        0.2825,
        0.2696,
        0.3389,
        0.3011,
        0.3522,
        0.3628,
        0.3592,
        0.3842,
        0.3652,
        0.3755,
        0.3996,
        0.3893,
        0.4045,
        0.3898,
        0.4121
      ],
      "train_loss": [
        2.219875778754552,
        1.9926838358243306,
        1.9461784462134044,
        1.8739040146271388,
        1.8821045491430495,
        1.7372608006000518,
        1.6809851944446563,
        1.73388261894385,
        1.657977545261383,
        1.5939630677302679,
        1.6148285547892252,
        1.5399648437897364,
        1.6207341293493907,
        1.481645796696345,
        1.5092889259258906,
        1.4921790460745494,
        1.4924472153186799,
        1.496474888920784,
        1.4209548701842627,
        1.4482525567213693,
        1.4622742821772894
      ],
      "mean_eps_bar": 2.533999493122101
    },
    "CSRA": {
      "test_acc": [
        0.1,
        0.1571,
        0.1983,
        0.1973,
        0.2389,
        0.2573,
        0.2553,
        0.2258,
        0.3029,
        0.245,
        0.2951,
        0.2443,
        0.2829,
        0.3029,
        0.2894,
        0.3007,
        0.319,
        0.3126,
        0.2861,
        0.2395,
        0.3075
      ],
      "train_loss": [
        2.2104654933015504,
        2.057380072772503,
        1.9155717492103577,
        1.921668544963554,
        1.8704810564716656,
        1.7947723092856231,
        1.8180143559972446,
        1.7000321423014004,
        1.7026608829145078,
        1.8447152525186539,
        1.7504576797838565,
        1.7852292969113304,
        1.7066766037827446,
        1.8265566494729784,
        1.7618532751997311,
        1.8083342884977658,
        1.7179832657178242,
        1.6497866732102853,
        1.735562192897002,
        1.8406292133861117,
        1.7009212617520932
      ],
      "mean_eps_bar": 0.6028333409130573
    },
    "MFG-Pricing": {
      "test_acc": [
        0.1,
        0.1273,
        0.1764,
        0.2136,
        0.2137,
        0.2826,
        0.2831,
        0.2723,
        0.3088,
        0.3041,
        0.3437,
        0.3194,
        0.3529,
        0.3562,
        0.3505,
        0.3883,
        0.3844,
        0.4008,
        0.407,
        0.3713,
        0.3872
      ],
      "train_loss": [
        2.1403407494227094,
        2.0329257826010387,
        1.9548936525980631,
        1.836098418633143,
        1.8415960510571798,
        1.687810206413269,
        1.6861713747183482,
        1.7183525840441385,
        1.6428180476029715,
        1.6872060934702555,
        1.617403076092402,
        1.5023762504259746,
        1.6787058552106222,
        1.4946965138117472,
        1.465609422326088,
        1.5214783072471618,
        1.508489990234375,
        1.4705725689729054,
        1.447051359216372,
        1.4250287582476935,
        1.4833224654197692
      ],
      "mean_eps_bar": 2.5392990159988402
    },
    "PAC": {
      "test_acc": [
        0.1193,
        0.156,
        0.1749,
        0.1981,
        0.2166,
        0.2818,
        0.2844,
        0.2844,
        0.3232,
        0.2384,
        0.3513,
        0.3363,
        0.309,
        0.402,
        0.3704,
        0.3624,
        0.384,
        0.3489,
        0.3961,
        0.4047,
        0.3996
      ],
      "train_loss": [
        2.1739485175521285,
        2.040589639434108,
        1.9602135662679319,
        1.9049027628368802,
        1.934390507362507,
        1.7299089144777369,
        1.738514948774267,
        1.7122475681481537,
        1.6454790455323678,
        1.714690453476376,
        1.5798806327360648,
        1.5637358327706654,
        1.5007085513185572,
        1.566601511504915,
        1.4982773573310286,
        1.5651266641087003,
        1.488566905260086,
        1.4079423005934115,
        1.4898463012995544,
        1.4540895819664001,
        1.4398458787688502
      ],
      "mean_eps_bar": 1.0
    },
    "VCG": {
      "test_acc": [
        0.0991,
        0.1278,
        0.1871,
        0.1931,
        0.2112,
        0.2693,
        0.2635,
        0.2963,
        0.3231,
        0.2549,
        0.3481,
        0.3256,
        0.3199,
        0.3656,
        0.3795,
        0.3603,
        0.4026,
        0.3397,
        0.4046,
        0.3842,
        0.4103
      ],
      "train_loss": [
        2.1806319002751953,
        2.0291565833268344,
        1.9364012148645189,
        1.9182289529729772,
        2.0032123261027865,
        1.7662107856185347,
        1.75321199938103,
        1.7393215232425265,
        1.67927591447477,
        1.7174704494299713,
        1.5928451043588143,
        1.5368836853239272,
        1.5045529460465465,
        1.5567098679365936,
        1.49422601196501,
        1.4752448013535253,
        1.504826977297112,
        1.4378555372909263,
        1.5192388715567413,
        1.4315085962966636,
        1.4168450832366943
      ],
      "mean_eps_bar": 1.0
    },
    "RegretNet": {
      "test_acc": [
        0.1003,
        0.1368,
        0.1588,
        0.2215,
        0.2554,
        0.2816,
        0.2604,
        0.2646,
        0.3206,
        0.3157,
        0.3704,
        0.3588,
        0.3798,
        0.3955,
        0.4111,
        0.381,
        0.4001,
        0.382,
        0.3944,
        0.4001,
        0.4159
      ],
      "train_loss": [
        2.1759481489658357,
        2.0360991182150663,
        1.9709780971209208,
        1.861627705891927,
        1.8294371306896209,
        1.7197975277900697,
        1.739140929778417,
        1.7822255730628966,
        1.6486552894115447,
        1.6581411421298982,
        1.56747065782547,
        1.5593860904375711,
        1.6286289681990942,
        1.4894657363494237,
        1.4905378331740697,
        1.5044136703014375,
        1.5100005398193994,
        1.4502699434757234,
        1.4286565820376078,
        1.4409339775641758,
        1.4809512346982956
      ],
      "mean_eps_bar": 2.5393615055084227
    },
    "DM-RegretNet": {
      "test_acc": [
        0.104,
        0.1285,
        0.1593,
        0.2047,
        0.225,
        0.2773,
        0.2805,
        0.2497,
        0.3132,
        0.2765,
        0.3144,
        0.3597,
        0.333,
        0.355,
        0.3664,
        0.3467,
        0.3744,
        0.3774,
        0.3719,
        0.333,
        0.3906
      ],
      "train_loss": [
        2.1896762251853943,
        2.0249241213003795,
        1.9635607421398162,
        1.8427112499872844,
        1.850220517317454,
        1.7370055715243022,
        1.7165101607640585,
        1.784784193833669,
        1.6447866618633271,
        1.671833066145579,
        1.6130155146121978,
        1.5843140224615733,
        1.6282262514034906,
        1.5363614549239477,
        1.5029767821232478,
        1.5188158363103867,
        1.5098512093226115,
        1.479975190758705,
        1.4881911635398866,
        1.4695865680774054,
        1.513344578941663
      ],