{
  "meta": {
    "dataset": "CIFAR10",
    "alpha": 0.1,
    "seed": 2,
    "n_agents": 10,
    "n_rounds": 80,
    "rnd_step": 5,
    "budget_rate_range": [
      0.8,
      0.8
    ],
    "note": "Per-round budget = max_cost(reports) * U[min,max]; same draws for all methods.",
    "rounds_logged": [
      1,
      5,
      10,
      15,
      20,
      25,
      30,
      35,
      40,
      45,
      50,
      55,
      60,
      65,
      70,
      75,
      80
    ],
    "fl_deploy": "laplace_gradient_convlaggr",
    "delta_dp_gaussian": null,
    "eps_min_alg2": null
  },
  "methods": {
    "Ours": {
      "test_acc": [
        0.0917,
        0.1022,
        0.0779,
        0.0784,
        0.123,
        0.1095,
        0.0991,
        0.1011,
        0.112,
        0.1082,
        0.0976,
        0.0925,
        0.088,
        0.0984,
        0.0999,
        0.0999,
        0.0999
      ],
      "train_loss": [
        2.306144428253174,
        20.126317501068115,
        629.8315795898437,
        809.7291625976562,
        1902.2743774414062,
        3574.472998046875,
        4918.8275390625,
        14843.493017578125,
        13088.578540039063,
        15181.61484375,
        17024.019384765626,
        22049.7744140625,
        29792.003784179688,
        40814.87885742188,
        62421.925024414064,
        61696.54685058594,
        88077.058984375
      ]
    },
    "CSRA": {
      "test_acc": [
        0.0888,
        0.0988,
        0.095,
        0.1082,
        0.0981,
        0.1006,
        0.1033,
        0.0961,
        0.1124,
        0.1065,
        0.1061,
        0.0942,
        0.0864,
        0.0907,
        0.1072,
        0.0918,
        0.0895
      ],
      "train_loss": [
        2.2841818067762585,
        10.008189890119764,
        92.10689290364583,
        99.75556945800781,
        214.4143524169922,
        445.2697811126709,
        765.6918555365669,
        1169.6995273166233,
        1656.2378879123264,
        1973.416731092665,
        2945.2745971679688,
        3498.109917534722,
        3545.7103203667534,
        4080.7221001519097,
        5824.921440972223,
        6025.751600477431,
        8155.407307942708
      ]
    },
    "MFG-Pricing": {
      "test_acc": [
        0.1077,
        0.0971,
        0.0977,
        0.1077,
        0.1111,
        0.1015,
        0.115,
        0.1008,
        0.1171,
        0.1203,
        0.1142,
        0.0932,
        0.1023,
        0.1092,
        0.1152,
        0.1085,
        0.1017
      ],
      "train_loss": [
        2.3019597053527834,
        28.721877765655517,
        511.8822021484375,
        722.901220703125,
        2095.4052673339843,
        2843.6715698242188,
        3259.3401489257812,
        6636.179260253906,
        10642.96776123047,
        12613.816577148438,
        14986.022607421875,
        17341.54396972656,
        22622.288708496093,
        22534.0892578125,
        32715.54033203125,
        34447.77353515625,
        40239.046875
      ]
    },
    "PAC": {
      "test_acc": [
        0.1076,
        0.0998,
        0.0968,
        0.0891,
        0.0986,
        0.0937,
        0.0929,
        0.0966,
        0.0972,
        0.1005,
        0.1003,
        0.0966,
        0.0917,
        0.0969,
        0.0999,
        0.1076,
        0.0985
      ],
      "train_loss": [
        2.3163638379838734,
        13.925692876180014,
        53.816445456610786,
        114.69093237982855,
        256.3714760674371,
        505.10694800482855,
        821.1696387396919,
        1725.3739785088433,
        2510.0370110405815,
        3627.0142618815103,
        4305.929931640625,
        6355.564432779948,
        4842.258151584201,
        5680.202365451389,
        9877.810655381945,
        13704.11328125,
        17588.364800347223
      ]
    },
    "RegretNet": {
      "test_acc": [
        0.122,
        0.122,
        0.122,
        0.122,
        0.122,
        0.0768,
        0.0768,
        0.0768,
        0.0768,
        0.0768,
        0.0979,
        0.0979,
        0.1074,
        0.1074,
        0.1074,
        0.1074,
        0.1074
      ],
      "train_loss": [
        0.0,
        0.0,
        0.0,
        0.0,
        0.0,
        0.0,
        0.0,
        0.0,
        0.0,
        0.0,
        0.0,
        0.0,
        104857.609375,
        0.0,
        0.0,
        0.0,
        0.0
      ]
    },
    "Uniform-DP": {
      "test_acc": [
        0.0917,
        0.0936,
        0.096,
        0.0875,
        0.1144,
        0.1066,
        0.1185,
        0.0956,
        0.093,
        0.0934,
        0.0993,
        0.099,
        0.1012,
        0.1009,
        0.1064,
        0.1041,
        0.0952
      ],
      "train_loss": [
        2.3112725496292112,
        2.347650718688965,
        2.611716055870056,
        4.08321783542633,
        6.6262059807777405,
        11.653556299209594,
        14.373101162910462,
        18.437790858745576,
        27.82777835726738,
        43.638889408111574,
        61.77184110879898,
        58.53467599153519,
        51.823705804347995,
        66.45267815589905,
        62.20491328239441,
        92.47300071716309,
        73.64294748306274
      ]
    },
    "No-DP (upper)": {
      "test_acc": [
        0.1,
        0.1,
        0.1,
        0.1,
        0.1,
        0.1,
        0.1,
        0.1,
        0.1,
        0.1,
        0.1,
        0.1001,
        0.1001,
        0.1001,
        0.1001,
        0.1001,
        0.1001
      ],
      "train_loss": [
        2.332612323760986,
        2.3324578523635866,
        2.3322620391845703,
        2.332040023803711,
        2.3318067312240602,
        2.3315948963165285,
        2.33139967918396,
        2.3312101125717164,
        2.330992412567139,
        2.3307992696762083,
        2.330599641799927,
        2.3304053783416747,
        2.3302603006362914,
        2.3300861120224,
        2.3299259424209593,
        2.329722285270691,
        2.329543423652649
      ]
    }
  }
}