{
  "meta": {
    "dataset": "CIFAR10",
    "alpha": 0.5,
    "seed": 1,
    "n_agents": 10,
    "n_rounds": 80,
    "rnd_step": 5,
    "budget_rate_range": [
      0.1,
      2.0
    ],
    "note": "Per-round budget = max_cost(reports) * U[min,max]; same draws for all methods.",
    "rounds_logged": [
      1,
      5,
      10,
      15,
      20,
      25,
      30,
      35,
      40,
      45,
      50,
      55,
      60,
      65,
      70,
      75,
      80
    ],
    "fl_deploy": "pag_alg2_gaussian_weights_eps_fedavg",
    "delta_dp_gaussian": 0.01,
    "eps_min_alg2": 0.1
  },
  "methods": {
    "Ours": {
      "test_acc": [
        0.0973,
        0.1005,
        0.0958,
        0.1046,
        0.105,
        0.0955,
        0.0858,
        0.0889,
        0.1061,
        0.1053,
        0.0905,
        0.0901,
        0.0911,
        0.101,
        0.1087,
        0.1003,
        0.0994
      ],
      "train_loss": [
        2.3091298580169677,
        174136.8421875,
        834536.0125,
        2970003.075,
        7660499.45,
        20835578.3,
        32459729.8,
        47166911.6,
        49855578.8,
        68733652.8,
        94736936.0,
        130063080.8,
        173875746.4,
        163560356.0,
        157283116.8,
        235115336.0,
        257268686.4
      ]
    },
    "CSRA": {
      "test_acc": [
        0.1224,
        0.0945,
        0.102,
        0.1018,
        0.0736,
        0.097,
        0.096,
        0.11,
        0.1049,
        0.106,
        0.0953,
        0.0951,
        0.1019,
        0.0946,
        0.0879,
        0.0938,
        0.103
      ],
      "train_loss": [
        2.3216599093543158,
        25129127.0,
        151881395.55555555,
        358382803.5555556,
        1049588536.8888888,
        1716694172.4444444,
        3523774776.888889,
        4548936334.222222,
        4456762880.0,
        8233091527.111111,
        8358149176.888889,
        14258149944.88889,
        11047265735.11111,
        14586654833.777779,
        15708500195.555555,
        24134818474.666668,
        31698901674.666668
      ]
    },
    "MFG-Pricing": {
      "test_acc": [
        0.107,
        0.0959,
        0.1164,
        0.1013,
        0.1042,
        0.1159,
        0.0962,
        0.0832,
        0.0993,
        0.0803,
        0.1065,
        0.0984,
        0.1001,
        0.1014,
        0.0989,
        0.111,
        0.1075
      ],
      "train_loss": [
        2.3117539405822756,
        129245.5015625,
        1120654.825,
        2412789.65,
        9964690.1,
        14025606.4,
        37588900.0,
        60358284.0,
        70889979.2,
        90328925.6,
        100857311.2,
        159135792.0,
        161647340.0,
        236450889.6,
        275647612.8,
        261901680.0,
        368690451.2
      ]
    },
    "RegretNet": {
      "test_acc": [
        0.0923,
        0.0923,
        0.0923,
        0.0855,
        0.0855,
        0.0855,
        0.0855,
        0.0855,
        0.0855,
        0.0794,
        0.0794,
        0.0794,
        0.0794,
        0.0669,
        0.0669,
        0.0601,
        0.0601
      ],
      "train_loss": [
        0.0,
        0.0,
        0.0,
        0.0,
        0.0,
        0.0,
        0.0,
        0.0,
        0.0,
        0.0,
        0.0,
        0.0,
        0.0,
        0.0,
        0.0,
        6258874880.0,
        0.0
      ]
    },
    "Uniform-DP": {
      "test_acc": [
        0.0944,
        0.1309,
        0.0992,
        0.0899,
        0.1038,
        0.0835,
        0.0987,
        0.0966,
        0.1011,
        0.0751,
        0.1116,
        0.105,
        0.0964,
        0.1032,
        0.1135,
        0.1068,
        0.1033
      ],
      "train_loss": [
        2.3088064908981325,
        100930.012890625,
        1003012.0,
        2241222.075,
        5600415.975,
        9038350.55,
        12997938.9,
        19937622.2,
        45636446.2,
        51427427.6,
        56908399.4,
        59333193.6,
        78538321.6,
        124538356.8,
        150209407.2,
        174344826.4,
        232152069.6
      ]
    },
    "No-DP (upper)": {
      "test_acc": [
        0.0989,
        0.0988,
        0.0987,
        0.0984,
        0.0982,
        0.0982,
        0.098,
        0.0977,
        0.0976,
        0.0974,
        0.0975,
        0.0974,
        0.0975,
        0.0974,
        0.0973,
        0.0974,
        0.0974
      ],
      "train_loss": [
        2.304936099052429,
        2.3048715829849242,
        2.304790711402893,
        2.304711198806763,
        2.304629993438721,
        2.304551434516907,
        2.304471731185913,
        2.304392147064209,
        2.30431227684021,
        2.3042317152023317,
        2.3041511297225954,
        2.3040721893310545,
        2.3039933681488036,
        2.3039157152175904,
        2.3038373947143556,
        2.3037583112716673,
        2.303679633140564
      ]
    }
  }
}