{
  "meta": {
    "dataset": "CIFAR10",
    "alpha": 0.5,
    "seed": 1,
    "n_agents": 10,
    "n_rounds": 100,
    "rnd_step": 5,
    "budget_rate_range": [
      0.1,
      2.0
    ],
    "fixed_budget": 50.0,
    "note": "Per-round budget = fixed_budget if >0 else max_cost(reports) * U[min,max]; same draws for all methods.",
    "rounds_logged": [
      1,
      5,
      10,
      15,
      20,
      25,
      30,
      35,
      40,
      45,
      50,
      55,
      60,
      65,
      70,
      75,
      80,
      85,
      90,
      95,
      100
    ],
    "fl_deploy": "laplace_gradient_convlaggr",
    "delta_dp_gaussian": null,
    "eps_min_alg2": null,
    "local_epochs": 3,
    "local_batch_size": 64,
    "fl_lr": 0.045
  },
  "methods": {
    "Ours": {
      "test_acc": [
        0.1016,
        0.1398,
        0.1989,
        0.2057,
        0.1898,
        0.2695,
        0.2768,
        0.2849,
        0.263,
        0.3087,
        0.309,
        0.2996,
        0.2863,
        0.3448,
        0.3907,
        0.3645,
        0.3768,
        0.2729,
        0.3263,
        0.3857,
        0.3377
      ],
      "train_loss": [
        2.1718480626742047,
        1.9675072928269703,
        1.8812086045742036,
        1.7806032717227935,
        1.731634043984943,
        1.7231770634651185,
        1.6577934265136718,
        1.6679980794588725,
        1.640939615170161,
        1.6875116795301437,
        1.7222947001457214,
        1.6145337929328283,
        1.5834687888622283,
        1.510404258966446,
        1.5147894024848938,
        1.46156744658947,
        2.001744105418523,
        1.6248017768065135,
        1.4885894536972046,
        1.463923282424609,
        1.5713142275810241
      ],
      "mean_eps_bar": 2.478209785223007
    },
    "CSRA": {
      "test_acc": [
        0.1017,
        0.1211,
        0.1891,
        0.2122,
        0.2365,
        0.239,
        0.2517,
        0.2571,
        0.275,
        0.303,
        0.3007,
        0.2501,
        0.2457,
        0.219,
        0.2643,
        0.2737,
        0.2922,
        0.2109,
        0.2462,
        0.286,
        0.2901
      ],
      "train_loss": [
        2.1835517287254333,
        2.013332058986028,
        1.974193933464232,
        1.7991224041691534,
        1.7729901398221652,
        1.7841048751558577,
        1.6690703021983306,
        1.7868567946411313,
        1.7214590832591057,
        1.7073453043897946,
        1.6856895089149475,
        2.0120963388019137,
        1.8106131906862613,
        1.95095380809572,
        1.8067347098279882,
        1.7273254328303866,
        1.6096325174525932,
        1.8686337956675776,
        1.718049840380748,
        1.6376961480688166,
        1.6848404010136921
      ],
      "mean_eps_bar": 0.6603333389759064
    },
    "MFG-Pricing": {
      "test_acc": [
        0.1013,
        0.1021,
        0.186,
        0.1971,
        0.2485,
        0.2776,
        0.2415,
        0.312,
        0.2893,
        0.294,
        0.3269,
        0.3221,
        0.2656,
        0.3579,
        0.3667,
        0.3888,
        0.3776,
        0.3415,
        0.3235,
        0.3828,
        0.3581
      ],
      "train_loss": [
        2.095504649480184,
        1.9477769434452057,
        1.915736722946167,
        1.8521362880865733,
        1.7138205160697302,
        1.6797140409549078,
        1.708794258038203,
        1.612626814842224,
        1.63429390390714,
        1.6518463174502054,
        1.7171213368574778,
        1.5821779678265253,
        1.5648106972376505,
        1.4882490783929825,
        1.4994409362475076,
        1.4297455698251724,
        1.9623896956443787,
        1.6126572499672571,
        1.5099226613839467,
        1.458449094494184,
        1.5821633458137512
      ],
      "mean_eps_bar": 2.478474029302597
    },
    "PAC": {
      "test_acc": [
        0.102,
        0.1635,
        0.2076,
        0.2258,
        0.2028,
        0.2819,
        0.2625,
        0.3057,
        0.3015,
        0.2711,
        0.2885,
        0.3175,
        0.3437,
        0.3984,
        0.3639,
        0.3823,
        0.3804,
        0.3542,
        0.3273,
        0.3989,
        0.3548
      ],
      "train_loss": [
        2.1646153110044972,
        1.9229967660374112,
        1.911616164225119,
        1.6953888513423778,
        1.7398787604437933,
        1.669806648183752,
        1.6365602987783927,
        1.6081983424999096,
        1.623785659118935,
        1.6328898712440774,
        1.589559112434034,
        1.6156445487781808,
        1.5359033268910867,
        1.4768820802370708,
        1.4910395829765886,
        1.3920965426497989,
        1.3975692358281877,
        1.4999108248286777,
        1.4238875993975886,
        1.3567296399010553,
        1.3857160751466397
      ],
      "mean_eps_bar": 1.0
    },
    "VCG": {
      "test_acc": [
        0.1041,
        0.1047,
        0.2036,
        0.2197,
        0.2299,
        0.2669,
        0.2458,
        0.3039,
        0.3021,
        0.3034,
        0.3003,
        0.3096,
        0.3638,
        0.3454,
        0.3782,
        0.3362,
        0.3838,
        0.3225,
        0.3479,
        0.3816,
        0.3694
      ],
      "train_loss": [
        2.1363271364459284,
        1.9289004493642736,
        1.9211165949150368,
        1.7828570869233873,
        1.7563641777745,
        1.756817755875764,
        1.746563717170998,
        1.6512815886073642,
        1.6019740678645946,
        1.6224717608204595,
        1.6269753641552396,
        1.529488367063028,
        1.5222100339553974,
        1.49189367779979,
        1.5028490402080394,
        1.3881767944053367,
        1.4233983203216836,
        1.5243442047525335,
        1.4021944900353749,
        1.3552736187422718,
        1.4030374001573633
      ],
      "mean_eps_bar": 1.0
    },
    "RegretNet": {
      "test_acc": [
        0.1026,
        0.1791,
        0.1864,
        0.2123,
        0.2551,
        0.2793,
        0.2913,
        0.2867,
        0.2942,
        0.332,
        0.296,
        0.2912,
        0.2929,
        0.3385,
        0.3637,
        0.3735,
        0.3611,
        0.3065,
        0.3375,
        0.3862,
        0.3458
      ],
      "train_loss": [
        2.131490864356359,
        1.9718239506085713,
        1.9560950477917989,
        1.7405747453371683,
        1.6978403091430665,
        1.7233113606770833,
        1.6643406373483163,
        1.626306144396464,
        1.6109070420265197,
        1.6863163133462271,
        1.7474906146526337,
        1.6739845414956411,
        1.6005812446276346,
        1.507264460126559,
        1.5062948336203894,
        1.4607659721816029,
        1.7889260967572531,
        1.5769145041704178,
        1.4878229260444642,
        1.4576072156429292,
        1.6114427675803502
      ],
      "mean_eps_bar": 2.476863383054733
    },
    "DM-RegretNet": {
      "test_acc": [
        0.0997,
        0.14,
        0.1974,
        0.2272,
        0.224,
        0.2816,
        0.2859,
        0.2627,
        0.2991,
        0.3222,
        0.312,
        0.2962,
        0.3281,
        0.3404,
        0.358,
        0.3836,
        0.3693,
        0.2802,
        0.3466,
        0.3671,
        0.3523
      ],
      "train_loss": [
        2.127094332377116,
        1.9610447307427725,
        1.8610074937343597,
        1.7323420822620392,
        1.735647290945053,
        1.6708493908246358,
        1.686335555712382,
        1.6542874133145367,
        1.617293319106102,
        1.6693961958090464,
        1.6795758174525366,
        1.6316762139399847,
        1.6441459874312083,
        1.5465367535750072,
        1.543530128399531,
        1.43660209774971,
        1.976171624660492,
        1.5613574087619781,
        1.4923434565464655,
        1.4547299444675446,
        1.5086755851904552
      ],
      "mean_eps_bar": 2.4752959287166596
    },