{
  "meta": {
    "dataset": "MNIST",
    "alpha": 0.1,
    "seed": 1,
    "n_agents": 10,
    "n_rounds": 100,
    "rnd_step": 5,
    "budget_rate_range": [
      0.1,
      2.0
    ],
    "fixed_budget": 50.0,
    "note": "Per-round budget = fixed_budget if >0 else max_cost(reports) * U[min,max]; same draws for all methods.",
    "rounds_logged": [
      1,
      5,
      10,
      15,
      20,
      25,
      30,
      35,
      40,
      45,
      50,
      55,
      60,
      65,
      70,
      75,
      80,
      85,
      90,
      95,
      100
    ],
    "fl_deploy": "laplace_gradient_convlaggr",
    "delta_dp_gaussian": null,
    "eps_min_alg2": null,
    "local_epochs": 3,
    "local_batch_size": 64,
    "fl_lr": 0.02
  },
  "methods": {
    "Ours": {
      "test_acc": [
        0.1034,
        0.2422,
        0.3148,
        0.4105,
        0.4394,
        0.5997,
        0.6229,
        0.6716,
        0.739,
        0.7439,
        0.7413,
        0.7657,
        0.7885,
        0.7891,
        0.7828,
        0.8195,
        0.8253,
        0.8041,
        0.8516,
        0.8851,
        0.8657
      ],
      "train_loss": [
        2.0103259474039077,
        1.5948012987772624,
        1.2771326529948661,
        0.9777257654971133,
        0.7738157905017337,
        0.728312058323839,
        0.5563966987654567,
        0.5762309348207054,
        0.45880858779128175,
        0.5091299413402642,
        0.3398701242171228,
        0.35120953685060763,
        0.3363997307276198,
        0.33152491747217333,
        0.3430246129088725,
        0.2950794383980489,
        0.2895810590358451,
        0.2901283920019068,
        0.24298437500682818,
        0.24266160145098184,
        0.21752647365522837
      ],
      "mean_eps_bar": 2.4795659840106965
    },
    "CSRA": {
      "test_acc": [
        0.1507,
        0.2053,
        0.3824,
        0.4494,
        0.4525,
        0.6194,
        0.5903,
        0.7502,
        0.7599,
        0.7542,
        0.7018,
        0.6922,
        0.7192,
        0.6311,
        0.8154,
        0.8163,
        0.8589,
        0.7639,
        0.8597,
        0.8102,
        0.8265
      ],
      "train_loss": [
        1.970255434513092,
        1.6096621043980122,
        1.2788260671354474,
        0.9286882538624384,
        0.6745568758342415,
        0.7161973029197681,
        0.447561909755071,
        0.5053494621201285,
        0.361909825335412,
        0.445516059580162,
        0.3780643472241536,
        0.35890170953482287,
        0.32707136294191985,
        0.3914543026540842,
        0.37661058699962235,
        0.30269207306533913,
        0.30579645052138305,
        0.4139465542394326,
        0.3492469262442839,
        0.29001183687432786,
        0.24790389487675668
      ],
      "mean_eps_bar": 0.6603333389759064
    },
    "MFG-Pricing": {
      "test_acc": [
        0.1056,
        0.2686,
        0.3247,
        0.4586,
        0.4972,
        0.672,
        0.6604,
        0.6832,
        0.7889,
        0.7842,
        0.7612,
        0.8017,
        0.772,
        0.8033,
        0.8129,
        0.8435,
        0.8419,
        0.7993,
        0.8726,
        0.858,
        0.8287
      ],
      "train_loss": [
        1.9689440210660298,
        1.5553893434504669,
        1.2640126558331153,
        0.9199418654325806,
        0.7331880388538896,
        0.659304333908949,
        0.514502451964654,
        0.5273794599947905,
        0.3785745163307486,
        0.4427890847592304,
        0.416351222145992,
        0.38298460212079893,
        0.303391755608997,
        0.32041722900248715,
        0.31000820993212985,
        0.2599791675413144,
        0.2907307513616009,
        0.2939730207474592,
        0.24903653059003167,
        0.22061212308957087,
        0.23190508095898016
      ],
      "mean_eps_bar": 2.478474029302597
    },
    "PAC": {
      "test_acc": [
        0.1177,
        0.2415,
        0.2737,
        0.3803,
        0.4497,
        0.6645,
        0.701,
        0.6817,
        0.7587,
        0.7845,
        0.7517,
        0.8329,
        0.7762,
        0.8364,
        0.7257,
        0.8708,
        0.8467,
        0.8061,
        0.8362,
        0.8775,
        0.8618
      ],
      "train_loss": [
        1.984357527008763,
        1.6269641068798524,
        1.2777688809567027,
        0.9889667480494138,
        0.7813755773973686,
        0.6915321899060574,
        0.5354471280742372,
        0.49732846321313884,
        0.3602869586078062,
        0.3696606092810355,
        0.3087091491658982,
        0.39872227751011785,
        0.27654077368357255,
        0.30508415683828016,
        0.45793357739845914,
        0.24068400664125672,
        0.23175072850116757,
        0.2742870973371383,
        0.24466697364631626,
        0.19076344923410538,
        0.2061111419547901
      ],
      "mean_eps_bar": 1.0
    },
    "VCG": {
      "test_acc": [
        0.1113,
        0.3417,
        0.4239,
        0.4191,
        0.4835,
        0.6817,
        0.6805,
        0.7353,
        0.7824,
        0.7956,
        0.8025,
        0.8052,
        0.8354,
        0.8304,
        0.7674,
        0.8251,
        0.8696,
        0.8146,
        0.8609,
        0.8667,
        0.842
      ],
      "train_loss": [
        1.978152785036299,
        1.5808511232888256,
        1.1672620436314631,
        0.9077451462960906,
        0.708362395002041,
        0.6958026346509103,
        0.46554234624340163,
        0.48785540889326107,
        0.3402295100785085,
        0.3646140790978852,
        0.3304139378014952,
        0.3752264951790157,
        0.2790401139594636,
        0.2934966055607354,
        0.39436209769229646,
        0.2306863805276441,
        0.22018744979572216,
        0.2725681199442112,
        0.2903114744910487,
        0.19904096249202094,
        0.18116139757189054
      ],
      "mean_eps_bar": 1.0
    },
    "RegretNet": {
      "test_acc": [
        0.1442,
        0.2516,
        0.2079,
        0.4523,
        0.5133,
        0.7109,
        0.6459,
        0.7883,
        0.8079,
        0.8186,
        0.7607,
        0.7726,
        0.7476,
        0.7753,
        0.8265,
        0.8354,
        0.862,
        0.835,
        0.8527,
        0.8908,
        0.813
      ],
      "train_loss": [
        1.992545586824417,
        1.5708224142591158,
        1.2490345552839615,
        0.9174530951306223,
        0.6931626424969485,
        0.6477329576358898,
        0.4583577032981945,
        0.49592302247571446,
        0.42066203672632885,
        0.35993780932706915,
        0.34892558039476473,
        0.31381094075816995,
        0.29247501519688135,
        0.29605598673806527,
        0.31132260175108967,
        0.22583984543328672,
        0.24587147100440537,
        0.27615664155649333,
        0.24910228349884467,
        0.19106523618083884,
        0.2314039237399508
      ],
      "mean_eps_bar": 2.4814116287231447
    },
    "DM-RegretNet": {
      "test_acc": [
        0.1924,
        0.2774,
        0.2918,
        0.4518,
        0.4978,
        0.6775,
        0.6227,
        0.7502,
        0.8258,
        0.787,
        0.7251,
        0.8226,
        0.7744,
        0.8291,
        0.8359,
        0.874,
        0.8698,
        0.8758,
        0.8879,
        0.8994,
        0.8256
      ],