{
  "meta": {
    "dataset": "MNIST",
    "alpha": 0.1,
    "seed": 0,
    "n_agents": 10,
    "n_rounds": 100,
    "rnd_step": 5,
    "budget_rate_range": [
      0.1,
      2.0
    ],
    "fixed_budget": 50.0,
    "note": "Per-round budget = fixed_budget if >0 else max_cost(reports) * U[min,max]; same draws for all methods.",
    "rounds_logged": [
      1,
      5,
      10,
      15,
      20,
      25,
      30,
      35,
      40,
      45,
      50,
      55,
      60,
      65,
      70,
      75,
      80,
      85,
      90,
      95,
      100
    ],
    "fl_deploy": "laplace_gradient_convlaggr",
    "delta_dp_gaussian": null,
    "eps_min_alg2": null,
    "local_epochs": 3,
    "local_batch_size": 64,
    "fl_lr": 0.02
  },
  "methods": {
    "Ours": {
      "test_acc": [
        0.1568,
        0.2147,
        0.5128,
        0.4766,
        0.4689,
        0.7541,
        0.6355,
        0.7669,
        0.7058,
        0.8475,
        0.737,
        0.7888,
        0.8636,
        0.8168,
        0.8682,
        0.7936,
        0.8487,
        0.8277,
        0.8786,
        0.8878,
        0.8619
      ],
      "train_loss": [
        1.9575642347335815,
        1.5792380367716154,
        1.165994864027016,
        0.9221863826426367,
        0.7107317894697189,
        0.6718615107859175,
        0.5302472613131006,
        0.4673737833586832,
        0.4058065499489506,
        0.32127776499234,
        0.3383004650318374,
        0.2856959441620347,
        0.26638020098398557,
        0.2632920443701247,
        0.24685933033082014,
        0.2187185692988957,
        0.21922987021195392,
        0.21475401866870622,
        0.20144410110078753,
        0.1877574529654036,
        0.19368629652114275
      ],
      "mean_eps_bar": 2.6269601488113405
    },
    "CSRA": {
      "test_acc": [
        0.1757,
        0.3256,
        0.3798,
        0.3236,
        0.3846,
        0.6467,
        0.5585,
        0.7392,
        0.7075,
        0.5775,
        0.7124,
        0.7292,
        0.815,
        0.7753,
        0.8727,
        0.7301,
        0.8248,
        0.8252,
        0.7283,
        0.8333,
        0.8232
      ],
      "train_loss": [
        1.9596772458818223,
        1.5282712901631992,
        1.1811293700621242,
        0.9622692987322807,
        0.8175873123109341,
        0.7719337220855609,
        0.6165680466219783,
        0.5708694214533482,
        0.5601073068877062,
        0.393417673651129,
        0.2683181278601599,
        0.48688320225725573,
        0.3565286110388115,
        0.3385677950767179,
        0.32406087568961084,
        0.27024861700435093,
        0.29862026692609545,
        0.2582035736111855,
        0.31746112726007897,
        0.24807752496831703,
        0.2839092155045364
      ],
      "mean_eps_bar": 0.5961666758358478
    },
    "MFG-Pricing": {
      "test_acc": [
        0.1182,
        0.1877,
        0.486,
        0.2685,
        0.3518,
        0.6889,
        0.5708,
        0.7332,
        0.7736,
        0.7125,
        0.7802,
        0.7375,
        0.8153,
        0.7382,
        0.8573,
        0.8454,
        0.833,
        0.8506,
        0.8337,
        0.8677,
        0.8358
      ],
      "train_loss": [
        1.990142955382665,
        1.6538044253985087,
        1.2735337120791277,
        0.9905784791956346,
        0.7954376757532979,
        0.8015270853686768,
        0.6091824991938969,
        0.5042190410817663,
        0.48353553510581454,
        0.3461234756745398,
        0.42292109988629817,
        0.3148687348080178,
        0.3655363675517341,
        0.3056585542479297,
        0.26578953306501113,
        0.2629385592027878,
        0.2381888291798532,
        0.29250309862351664,
        0.26586439573438836,
        0.20402848659820544,
        0.2591156157044073
      ],
      "mean_eps_bar": 2.6282605171203612
    },
    "PAC": {
      "test_acc": [
        0.1163,
        0.401,
        0.4846,
        0.3895,
        0.4747,
        0.7275,
        0.6915,
        0.6838,
        0.7779,
        0.7394,
        0.7809,
        0.7357,
        0.8723,
        0.8369,
        0.8904,
        0.8707,
        0.886,
        0.8525,
        0.8522,
        0.8898,
        0.8776
      ],
      "train_loss": [
        1.9363808168305292,
        1.612662263766483,
        1.09344556817302,
        0.7968747863477027,
        0.7533601075410843,
        0.6748975828565933,
        0.5143049798336707,
        0.3411312759164031,
        0.4591595298024239,
        0.3041500097865032,
        0.3471576051637789,
        0.3412920796070938,
        0.30993752814484415,
        0.209015933037908,
        0.25291698034669496,
        0.2254658984882688,
        0.24176256118894177,
        0.23902908893284835,
        0.2235716418535621,
        0.1498356515658088,
        0.19476619701729053
      ],
      "mean_eps_bar": 1.0
    },
    "VCG": {
      "test_acc": [
        0.1136,
        0.3189,
        0.4354,
        0.3368,
        0.3972,
        0.7626,
        0.701,
        0.684,
        0.7572,
        0.6956,
        0.7796,
        0.7528,
        0.864,
        0.7903,
        0.8828,
        0.8456,
        0.8837,
        0.8252,
        0.8558,
        0.8457,
        0.8275
      ],
      "train_loss": [
        1.9685823762858357,
        1.724380953444375,
        1.1963072143219136,
        0.9254871615105205,
        0.8218156792637374,
        0.6946029560985388,
        0.5322955485985235,
        0.4190769644661082,
        0.46836697296411905,
        0.34279408023037294,
        0.3785688198102569,
        0.289070922463132,
        0.30758941977250354,
        0.2408315328001562,
        0.3205397910679932,
        0.23850493171010856,
        0.2472434496179361,
        0.26952973503136524,
        0.24601826551090064,
        0.18547114244170693,
        0.20976525548353997
      ],
      "mean_eps_bar": 1.0
    },
    "RegretNet": {
      "test_acc": [
        0.2074,
        0.2941,
        0.609,
        0.4147,
        0.4362,
        0.7553,
        0.6742,
        0.76,
        0.7197,
        0.7203,
        0.7851,
        0.7845,
        0.8417,
        0.7957,
        0.8912,
        0.8371,
        0.8702,
        0.8913,
        0.9003,
        0.8915,
        0.8878
      ],
      "train_loss": [
        1.9419131139914194,
        1.536972161134084,
        1.1524788272877535,
        0.8902387877305349,
        0.6835085928440094,
        0.6854302629207571,
        0.48649480994790795,
        0.42732193721458317,
        0.38432867762239764,
        0.31157636079782,
        0.3542931347663398,
        0.27782999784394635,
        0.2712028363331532,
        0.2718627715948969,
        0.21929497815047702,
        0.19453919584242005,
        0.21864845709642394,
        0.2379419027362019,
        0.26291826669233465,
        0.1808622870206212,
        0.1937186468373208
      ],
      "mean_eps_bar": 2.628102481365204
    },
    "DM-RegretNet": {
      "test_acc": [
        0.1135,
        0.2332,
        0.6596,
        0.4524,
        0.4795,
        0.7984,
        0.5195,
        0.7643,
        0.7192,
        0.7315,
        0.7632,
        0.7662,
        0.8534,
        0.8044,
        0.8791,
        0.8473,
        0.8716,
        0.8558,
        0.8206,
        0.8703,
        0.8749
      ],