{
  "meta": {
    "dataset": "MNIST",
    "alpha": 0.5,
    "seed": 1,
    "n_agents": 10,
    "n_rounds": 80,
    "rnd_step": 5,
    "budget_rate_range": [
      0.1,
      2.0
    ],
    "note": "Per-round budget = max_cost(reports) * U[min,max]; same draws for all methods.",
    "rounds_logged": [
      1,
      5,
      10,
      15,
      20,
      25,
      30,
      35,
      40,
      45,
      50,
      55,
      60,
      65,
      70,
      75,
      80
    ],
    "fl_deploy": "pag_alg2_gaussian_weights_eps_fedavg",
    "delta_dp_gaussian": 0.01,
    "eps_min_alg2": 0.1
  },
  "methods": {
    "Ours": {
      "test_acc": [
        0.126,
        0.1159,
        0.1354,
        0.0845,
        0.1135,
        0.109,
        0.123,
        0.1165,
        0.0808,
        0.0928,
        0.1101,
        0.1055,
        0.0966,
        0.0783,
        0.0988,
        0.0979,
        0.0823
      ],
      "train_loss": [
        2.3065284490585327,
        25365.136328125,
        132959.33515625,
        292031.4125,
        695818.08125,
        2746498.3,
        2912519.975,
        3464583.4375,
        3536507.375,
        4679436.975,
        5792360.575,
        6195878.575,
        9382797.25,
        8869265.0,
        9624040.9,
        10924105.7,
        16726972.9
      ]
    },
    "CSRA": {
      "test_acc": [
        0.0974,
        0.1039,
        0.0902,
        0.0691,
        0.0856,
        0.0996,
        0.0909,
        0.0746,
        0.1058,
        0.1028,
        0.1024,
        0.1042,
        0.0937,
        0.09,
        0.0869,
        0.0991,
        0.1203
      ],
      "train_loss": [
        2.294213506910536,
        2323816.7430555555,
        9787529.833333334,
        30757788.666666668,
        62480626.222222224,
        76939074.22222222,
        97328681.33333333,
        87879692.8888889,
        201027873.7777778,
        314373047.1111111,
        393664526.2222222,
        516157738.6666667,
        504934240.0,
        701624252.4444444,
        840709760.0,
        904516853.3333334,
        884557873.7777778
      ]
    },
    "MFG-Pricing": {
      "test_acc": [
        0.1231,
        0.1422,
        0.1009,
        0.1063,
        0.0967,
        0.0952,
        0.0725,
        0.0807,
        0.0842,
        0.091,
        0.0668,
        0.063,
        0.0798,
        0.109,
        0.1234,
        0.1319,
        0.0967
      ],
      "train_loss": [
        2.31683235168457,
        24155.0984375,
        180982.653125,
        232082.246875,
        589339.371875,
        2009300.775,
        2334839.775,
        3261280.7875,
        4254041.925,
        3980561.05,
        4618500.75,
        6289055.025,
        7357259.2,
        10578416.65,
        9710253.4,
        12089424.45,
        15176412.0
      ]
    },
    "RegretNet": {
      "test_acc": [
        0.0705,
        0.0705,
        0.0705,
        0.0705,
        0.0705,
        0.0705,
        0.0705,
        0.0705,
        0.0705,
        0.1082,
        0.1082,
        0.1082,
        0.1267,
        0.1267,
        0.1267,
        0.1128,
        0.1128
      ],
      "train_loss": [
        0.0,
        0.0,
        0.0,
        0.0,
        0.0,
        0.0,
        0.0,
        0.0,
        0.0,
        2.3639636039733887,
        0.0,
        0.0,
        0.0,
        0.0,
        0.0,
        0.0,
        0.0
      ]
    },
    "Uniform-DP": {
      "test_acc": [
        0.1194,
        0.1485,
        0.1026,
        0.1168,
        0.0778,
        0.0743,
        0.0848,
        0.1016,
        0.1148,
        0.0831,
        0.1352,
        0.1044,
        0.1124,
        0.1498,
        0.1017,
        0.0737,
        0.0657
      ],
      "train_loss": [
        2.319230055809021,
        49256.171875,
        145742.2875,
        282809.9375,
        541242.95625,
        978437.51875,
        996913.85625,
        1670985.8,
        2602741.6125,
        3033067.2875,
        3803506.925,
        5663053.35,
        5877482.55,
        5988530.825,
        6421144.225,
        6598544.375,
        7276621.4
      ]
    },
    "No-DP (upper)": {
      "test_acc": [
        0.111,
        0.111,
        0.111,
        0.111,
        0.1111,
        0.1112,
        0.1114,
        0.1114,
        0.1115,
        0.1116,
        0.1117,
        0.1117,
        0.1117,
        0.1118,
        0.1118,
        0.1118,
        0.1118
      ],
      "train_loss": [
        2.310903215408325,
        2.3108656644821166,
        2.310821795463562,
        2.3107754230499267,
        2.310729169845581,
        2.310692024230957,
        2.3106508016586305,
        2.310603880882263,
        2.310563397407532,
        2.3105221509933473,
        2.31047785282135,
        2.310433030128479,
        2.3103851318359374,
        2.3103410720825197,
        2.310297894477844,
        2.3102550506591797,
        2.310211992263794
      ]
    }
  }
}