{
  "meta": {
    "dataset": "MNIST",
    "alpha": 0.1,
    "seed": 1,
    "n_agents": 10,
    "n_rounds": 80,
    "rnd_step": 5,
    "budget_rate_range": [
      0.1,
      2.0
    ],
    "note": "Per-round budget = max_cost(reports) * U[min,max]; same draws for all methods.",
    "rounds_logged": [
      1,
      5,
      10,
      15,
      20,
      25,
      30,
      35,
      40,
      45,
      50,
      55,
      60,
      65,
      70,
      75,
      80
    ],
    "fl_deploy": "pag_alg2_gaussian_weights_eps_fedavg",
    "delta_dp_gaussian": 0.01,
    "eps_min_alg2": 0.1
  },
  "methods": {
    "Ours": {
      "test_acc": [
        0.126,
        0.1159,
        0.1354,
        0.0845,
        0.1135,
        0.109,
        0.123,
        0.1165,
        0.0808,
        0.0928,
        0.1101,
        0.1055,
        0.0966,
        0.0783,
        0.0988,
        0.0979,
        0.0823
      ],
      "train_loss": [
        2.306008458137512,
        25054.21142578125,
        130805.934375,
        298353.7078125,
        662944.437890625,
        2620927.7546875,
        2717003.8046875,
        3204370.565625,
        3286950.8125,
        4386560.5875,
        5507838.05,
        5814960.3375,
        8936741.15,
        8563800.9,
        9371663.9,
        10297685.2,
        16295868.8
      ]
    },
    "CSRA": {
      "test_acc": [
        0.0974,
        0.1039,
        0.0902,
        0.0691,
        0.0856,
        0.0996,
        0.0909,
        0.0746,
        0.1058,
        0.1028,
        0.1024,
        0.1042,
        0.0937,
        0.09,
        0.0869,
        0.0991,
        0.1203
      ],
      "train_loss": [
        2.3081410461001926,
        2354577.9583333335,
        10871204.111111112,
        32247026.0,
        57897576.44444445,
        73938419.1111111,
        104092099.55555555,
        86254785.77777778,
        198817544.8888889,
        344513089.7777778,
        403057473.7777778,
        521139114.6666667,
        523896174.2222222,
        690751552.0,
        833542755.5555556,
        910451708.4444444,
        835931520.0
      ]
    },
    "MFG-Pricing": {
      "test_acc": [
        0.1231,
        0.1422,
        0.1009,
        0.1063,
        0.0967,
        0.0952,
        0.0726,
        0.0807,
        0.0842,
        0.091,
        0.0668,
        0.063,
        0.0798,
        0.109,
        0.1234,
        0.1319,
        0.0967
      ],
      "train_loss": [
        2.309949207305908,
        23912.11015625,
        182141.672265625,
        235157.7234375,
        648410.6453125,
        2142090.9125,
        2446200.5,
        3439791.6,
        4477761.5,
        3980926.9,
        4535940.175,
        5964845.75,
        7149883.4,
        10083847.9,
        9284853.0,
        11646790.7,
        14548294.85
      ]
    },
    "RegretNet": {
      "test_acc": [
        0.0705,
        0.0705,
        0.0705,
        0.0705,
        0.0705,
        0.0705,
        0.0705,
        0.0705,
        0.0705,
        0.1082,
        0.1082,
        0.1082,
        0.1267,
        0.1267,
        0.1267,
        0.1128,
        0.1128
      ],
      "train_loss": [
        0.0,
        0.0,
        0.0,
        0.0,
        0.0,
        0.0,
        0.0,
        0.0,
        0.0,
        2.334811210632324,
        0.0,
        0.0,
        0.0,
        0.0,
        0.0,
        0.0,
        0.0
      ]
    },
    "Uniform-DP": {
      "test_acc": [
        0.1194,
        0.1485,
        0.1026,
        0.1168,
        0.0778,
        0.0743,
        0.0848,
        0.1016,
        0.1148,
        0.0831,
        0.1352,
        0.1044,
        0.1124,
        0.1498,
        0.1017,
        0.0737,
        0.0657
      ],
      "train_loss": [
        2.314575958251953,
        46766.70751953125,
        144978.95625,
        279321.56875,
        511430.1875,
        963549.2875,
        985613.2625,
        1725529.91875,
        2772020.6875,
        3291934.525,
        4059632.175,
        5680607.425,
        5902984.1375,
        5817724.30625,
        6154699.2,
        6546706.15,
        7218099.35
      ]
    },
    "No-DP (upper)": {
      "test_acc": [
        0.111,
        0.111,
        0.111,
        0.1112,
        0.1112,
        0.1113,
        0.1112,
        0.1114,
        0.1114,
        0.1115,
        0.1116,
        0.1116,
        0.1116,
        0.1118,
        0.1118,
        0.1118,
        0.1118
      ],
      "train_loss": [
        2.3082661390304566,
        2.3082382678985596,
        2.3082091331481935,
        2.308177042007446,
        2.308144736289978,
        2.3081177473068237,
        2.308091139793396,
        2.3080606937408445,
        2.308031606674194,
        2.3080042600631714,
        2.307971215248108,
        2.3079396724700927,
        2.3079059600830076,
        2.307875919342041,
        2.3078485250473024,
        2.3078204870223997,
        2.3077898025512695
      ]
    }
  }
}