{
  "meta": {
    "dataset": "MNIST",
    "alpha": 0.1,
    "seed": 2,
    "n_agents": 10,
    "n_rounds": 100,
    "rnd_step": 5,
    "budget_rate_range": [
      0.1,
      2.0
    ],
    "fixed_budget": 50.0,
    "note": "Per-round budget = fixed_budget if >0 else max_cost(reports) * U[min,max]; same draws for all methods.",
    "rounds_logged": [
      1,
      5,
      10,
      15,
      20,
      25,
      30,
      35,
      40,
      45,
      50,
      55,
      60,
      65,
      70,
      75,
      80,
      85,
      90,
      95,
      100
    ],
    "fl_deploy": "laplace_gradient_convlaggr",
    "delta_dp_gaussian": null,
    "eps_min_alg2": null,
    "local_epochs": 3,
    "local_batch_size": 64,
    "fl_lr": 0.02
  },
  "methods": {
    "Ours": {
      "test_acc": [
        0.1045,
        0.1491,
        0.4585,
        0.2759,
        0.408,
        0.5345,
        0.6126,
        0.4635,
        0.6382,
        0.6905,
        0.783,
        0.7549,
        0.7729,
        0.7951,
        0.7906,
        0.8107,
        0.8752,
        0.8735,
        0.7562,
        0.823,
        0.8528
      ],
      "train_loss": [
        1.993462361787495,
        1.457470535939815,
        1.2893580840083592,
        1.1278586056606288,
        0.9984071540989374,
        0.7869587179698181,
        0.5951506928132292,
        0.5543528358317226,
        0.4790380478411782,
        0.47661043932301955,
        0.42539101047441363,
        0.3890057229682019,
        0.34516367440422374,
        0.39247195308171123,
        0.35436146297050936,
        0.26843651192336293,
        0.25199675053284554,
        0.22631273462371737,
        0.2319058948012657,
        0.21309796848391557,
        0.21733970882926593
      ],
      "mean_eps_bar": 2.539114062786102
    },
    "CSRA": {
      "test_acc": [
        0.1009,
        0.1576,
        0.3363,
        0.1634,
        0.4042,
        0.4642,
        0.5503,
        0.5418,
        0.6945,
        0.7161,
        0.6649,
        0.654,
        0.7659,
        0.767,
        0.7861,
        0.7882,
        0.8129,
        0.8349,
        0.6742,
        0.6687,
        0.8812
      ],
      "train_loss": [
        1.9355953087409337,
        1.4298784875621398,
        1.3246857047665352,
        1.1487371078783684,
        0.950079640166627,
        0.7355611605692983,
        0.6650263771414757,
        0.6721290621492598,
        0.4113976619801,
        0.4767561107679891,
        0.4639491604671896,
        0.38447214911381405,
        0.3257039800037791,
        0.3752574344667914,
        0.3701367589158407,
        0.469858664175586,
        0.3353802710823301,
        0.26295200941682445,
        0.25556588856157353,
        0.3966011687128533,
        0.34757900485020204
      ],
      "mean_eps_bar": 0.6028333409130573
    },
    "MFG-Pricing": {
      "test_acc": [
        0.1241,
        0.1774,
        0.4144,
        0.2738,
        0.4359,
        0.4873,
        0.7177,
        0.6004,
        0.7595,
        0.7443,
        0.807,
        0.7785,
        0.8294,
        0.8333,
        0.8402,
        0.8259,
        0.8734,
        0.8833,
        0.8178,
        0.8297,
        0.8903
      ],
      "train_loss": [
        1.9701117277145386,
        1.547649045785268,
        1.304176098797797,
        1.096286897335136,
        0.9755878757415829,
        0.770880453419267,
        0.5938069492317083,
        0.6398027517358985,
        0.4553469033317493,
        0.4609209913433644,
        0.37340562159130186,
        0.3245352663001732,
        0.3410882786689367,
        0.331578530051047,
        0.2694053485858859,
        0.2827408659872354,
        0.2682515063114758,
        0.23052616122182817,
        0.22565541972340852,
        0.2473916315653345,
        0.25124669413816536
      ],
      "mean_eps_bar": 2.5392990159988402
    },
    "PAC": {
      "test_acc": [
        0.1009,
        0.16,
        0.3635,
        0.2815,
        0.3788,
        0.5052,
        0.6444,
        0.6891,
        0.7123,
        0.7016,
        0.7155,
        0.6856,
        0.667,
        0.718,
        0.8161,
        0.782,
        0.8212,
        0.8208,
        0.79,
        0.8586,
        0.8515
      ],
      "train_loss": [
        1.9424245497759651,
        1.4059416590915883,
        1.2255976483518003,
        1.0144278507898836,
        1.056761238212679,
        0.817664174837809,
        0.632806187609722,
        0.5682346391327241,
        0.3949496160424099,
        0.4640350145306073,
        0.4087897620446907,
        0.36887241476306726,
        0.3242194559185437,
        0.41995009012958584,
        0.2877364518011318,
        0.279347893220142,
        0.2541411888657832,
        0.2468069379090094,
        0.23169400946224805,
        0.23789638229737095,
        0.24438890368365523
      ],
      "mean_eps_bar": 1.0
    },
    "VCG": {
      "test_acc": [
        0.1365,
        0.1778,
        0.345,
        0.2735,
        0.2961,
        0.4873,
        0.6376,
        0.6704,
        0.7251,
        0.7229,
        0.7319,
        0.749,
        0.7172,
        0.7476,
        0.837,
        0.8013,
        0.8512,
        0.8778,
        0.8347,
        0.8872,
        0.8856
      ],
      "train_loss": [
        1.9818830466737933,
        1.4272788586277587,
        1.289620258160593,
        1.0792655231905919,
        1.0707660244376052,
        0.8349893376352174,
        0.6636873894375658,
        0.6420899465972302,
        0.4651288839645363,
        0.4257989017950261,
        0.3869852565557641,
        0.36254877938036395,
        0.2816529882599271,
        0.3813272480779857,
        0.26563011853060886,
        0.26769901320849565,
        0.2789944543265829,
        0.22280759252973048,
        0.17599020962459724,
        0.2240805274204296,
        0.25443895878818107
      ],
      "mean_eps_bar": 1.0
    },
    "RegretNet": {
      "test_acc": [
        0.1023,
        0.1731,
        0.3881,
        0.3124,
        0.5423,
        0.6481,
        0.716,
        0.629,
        0.7716,
        0.7509,
        0.8038,
        0.8293,
        0.8265,
        0.8356,
        0.8548,
        0.8415,
        0.8946,
        0.9029,
        0.8028,
        0.7352,
        0.9111
      ],
      "train_loss": [
        1.9176800062781887,
        1.4736261203100807,
        1.2338502493343855,
        1.0426985394013555,
        0.8329298579820285,
        0.643710606325042,
        0.5498238426159349,
        0.5426812832684893,
        0.40760240279007376,
        0.4453702259131859,
        0.40551379497858425,
        0.3436460276052617,
        0.32435984840910687,
        0.3330078068432621,
        0.2519133685222059,
        0.30618808549224286,
        0.20408642383521064,
        0.20065630882323093,
        0.1785775844001093,
        0.19555821880775462,
        0.21795611790194494
      ],
      "mean_eps_bar": 2.5380516147613523
    },
    "DM-RegretNet": {
      "test_acc": [
        0.1014,
        0.1797,
        0.4666,
        0.2921,
        0.4277,
        0.6083,
        0.6826,
        0.5699,
        0.7738,
        0.6643,
        0.7721,
        0.7506,
        0.8121,
        0.7817,
        0.8528,
        0.8214,
        0.8577,
        0.8248,
        0.8136,
        0.839,
        0.8845
      ],