{
  "meta": {
    "dataset": "MNIST",
    "alpha": 0.5,
    "seed": 0,
    "n_agents": 10,
    "n_rounds": 80,
    "rnd_step": 5,
    "budget_rate_range": [
      0.1,
      2.0
    ],
    "note": "Per-round budget = max_cost(reports) * U[min,max]; same draws for all methods.",
    "rounds_logged": [
      1,
      5,
      10,
      15,
      20,
      25,
      30,
      35,
      40,
      45,
      50,
      55,
      60,
      65,
      70,
      75,
      80
    ],
    "fl_deploy": "pag_alg2_gaussian_weights_eps_fedavg",
    "delta_dp_gaussian": 0.01,
    "eps_min_alg2": 0.1
  },
  "methods": {
    "Ours": {
      "test_acc": [
        0.126,
        0.0981,
        0.1235,
        0.1111,
        0.1096,
        0.0981,
        0.1028,
        0.1406,
        0.073,
        0.0594,
        0.1343,
        0.0798,
        0.0956,
        0.1026,
        0.0712,
        0.0703,
        0.1002
      ],
      "train_loss": [
        2.2915844917297363,
        30949.15625,
        120791.16328125,
        261714.8390625,
        627058.2125,
        1356927.1625,
        1726952.15625,
        1874364.59375,
        2220694.65,
        2867019.075,
        4677706.925,
        6451959.0,
        10306907.5,
        10364852.45,
        10603604.65,
        12151193.7,
        14819092.5
      ]
    },
    "CSRA": {
      "test_acc": [
        0.0974,
        0.1039,
        0.0902,
        0.0691,
        0.0856,
        0.0996,
        0.0734,
        0.1068,
        0.1202,
        0.1034,
        0.102,
        0.089,
        0.0812,
        0.0902,
        0.0814,
        0.0901,
        0.1013
      ],
      "train_loss": [
        2.2909496360354953,
        2464859.5,
        9650373.666666666,
        32221572.0,
        59267327.55555555,
        78173036.0,
        85279343.55555555,
        118174036.44444445,
        237430552.8888889,
        425989706.6666667,
        489592017.7777778,
        614950506.6666666,
        651495601.7777778,
        849292899.5555556,
        1039207850.6666666,
        1229270805.3333333,
        1113554510.2222223
      ]
    },
    "MFG-Pricing": {
      "test_acc": [
        0.0963,
        0.1267,
        0.0918,
        0.0749,
        0.1305,
        0.1274,
        0.1271,
        0.124,
        0.0757,
        0.0806,
        0.0746,
        0.0799,
        0.0726,
        0.0945,
        0.1,
        0.104,
        0.0991
      ],
      "train_loss": [
        2.316533851623535,
        35326.1009765625,
        154532.10625,
        316498.996875,
        686169.10625,
        976098.225,
        1332690.0125,
        2568439.075,
        2732621.0125,
        2352085.2875,
        5152395.75,
        7534023.7,
        8470901.55,
        12339520.6,
        11736167.8,
        12751756.3,
        14962721.9
      ]
    },
    "RegretNet": {
      "test_acc": [
        0.0705,
        0.0705,
        0.0705,
        0.0705,
        0.0705,
        0.0705,
        0.0705,
        0.0705,
        0.0705,
        0.0705,
        0.0705,
        0.0705,
        0.0705,
        0.1095,
        0.1095,
        0.1095,
        0.1095
      ],
      "train_loss": [
        0.0,
        0.0,
        0.0,
        0.0,
        0.0,
        0.0,
        0.0,
        0.0,
        0.0,
        0.0,
        0.0,
        0.0,
        0.0,
        0.0,
        0.0,
        0.0,
        0.0
      ]
    },
    "Uniform-DP": {
      "test_acc": [
        0.0569,
        0.1241,
        0.1057,
        0.0802,
        0.0774,
        0.072,
        0.0869,
        0.1105,
        0.1154,
        0.0946,
        0.1378,
        0.1182,
        0.1072,
        0.1359,
        0.093,
        0.0599,
        0.0583
      ],
      "train_loss": [
        2.307782435417175,
        52947.295703125,
        140733.1109375,
        268365.6515625,
        482422.5,
        927676.56875,
        1099111.14375,
        1673951.35,
        2686618.325,
        3222659.275,
        3766760.4,
        5773285.575,
        6085675.65,
        5821096.825,
        6151332.95,
        7217968.9,
        7930924.0
      ]
    },
    "No-DP (upper)": {
      "test_acc": [
        0.1109,
        0.1111,
        0.1112,
        0.1112,
        0.1112,
        0.1112,
        0.1112,
        0.1112,
        0.1112,
        0.1112,
        0.1111,
        0.1111,
        0.1111,
        0.1111,
        0.1111,
        0.1109,
        0.1109
      ],
      "train_loss": [
        2.3023755073547365,
        2.302346396446228,
        2.3023104906082152,
        2.302271604537964,
        2.3022331476211546,
        2.3021997928619387,
        2.3021645069122316,
        2.3021278381347656,
        2.3020939350128176,
        2.302058982849121,
        2.30201940536499,
        2.301982951164246,
        2.3019450187683104,
        2.3019094705581664,
        2.3018741846084594,
        2.3018402814865113,
        2.3018052101135256
      ]
    }
  }
}