{
  "meta": {
    "dataset": "MNIST",
    "alpha": 0.5,
    "seed": 2,
    "n_agents": 10,
    "n_rounds": 80,
    "rnd_step": 5,
    "budget_rate_range": [
      0.1,
      2.0
    ],
    "note": "Per-round budget = max_cost(reports) * U[min,max]; same draws for all methods.",
    "rounds_logged": [
      1,
      5,
      10,
      15,
      20,
      25,
      30,
      35,
      40,
      45,
      50,
      55,
      60,
      65,
      70,
      75,
      80
    ],
    "fl_deploy": "pag_alg2_gaussian_weights_eps_fedavg",
    "delta_dp_gaussian": 0.01,
    "eps_min_alg2": 0.1
  },
  "methods": {
    "Ours": {
      "test_acc": [
        0.1262,
        0.0981,
        0.147,
        0.1091,
        0.1113,
        0.1138,
        0.1394,
        0.1151,
        0.0744,
        0.043,
        0.1228,
        0.0925,
        0.0864,
        0.0527,
        0.1056,
        0.0852,
        0.0946
      ],
      "train_loss": [
        2.296506381034851,
        36515.2091796875,
        190152.4,
        557128.446875,
        1038554.80625,
        2365127.2125,
        2856901.025,
        2994120.175,
        2935527.35,
        3338870.875,
        5701064.75,
        6871215.7,
        8818885.15,
        7924815.45,
        9871484.85,
        11857568.9,
        15044160.5
      ]
    },
    "CSRA": {
      "test_acc": [
        0.0974,
        0.1039,
        0.0902,
        0.0691,
        0.0856,
        0.0996,
        0.0909,
        0.0746,
        0.1058,
        0.1028,
        0.1024,
        0.1042,
        0.0937,
        0.09,
        0.0869,
        0.0991,
        0.1203
      ],
      "train_loss": [
        2.3121728897094727,
        2222813.1805555555,
        10038358.333333334,
        29890350.666666668,
        59745309.333333336,
        80151728.0,
        91878111.1111111,
        85430742.22222222,
        191001351.1111111,
        309867315.5555556,
        389961123.5555556,
        511190602.6666667,
        506110261.3333333,
        706522087.1111112,
        822358833.7777778,
        908508686.2222222,
        864255047.1111112
      ]
    },
    "MFG-Pricing": {
      "test_acc": [
        0.107,
        0.1194,
        0.1175,
        0.1037,
        0.1238,
        0.098,
        0.0819,
        0.0986,
        0.0913,
        0.0897,
        0.0748,
        0.0964,
        0.0817,
        0.1134,
        0.0785,
        0.1218,
        0.115
      ],
      "train_loss": [
        2.313758659362793,
        47128.0265625,
        278394.2796875,
        411040.68125,
        872877.30625,
        1878576.0,
        2077355.875,
        2961869.1125,
        3592787.725,
        3053892.75,
        4389599.275,
        7357654.6,
        7288639.55,
        10699603.35,
        10338205.95,
        13053595.6,
        13321627.9
      ]
    },
    "RegretNet": {
      "test_acc": [
        0.0705,
        0.0705,
        0.0705,
        0.0705,
        0.0705,
        0.0705,
        0.0705,
        0.0705,
        0.0705,
        0.1087,
        0.1087,
        0.1087,
        0.1444,
        0.1444,
        0.1444,
        0.0549,
        0.0549
      ],
      "train_loss": [
        0.0,
        0.0,
        0.0,
        0.0,
        0.0,
        0.0,
        0.0,
        0.0,
        0.0,
        2.3278439044952393,
        0.0,
        0.0,
        0.0,
        0.0,
        0.0,
        0.0,
        0.0
      ]
    },
    "Uniform-DP": {
      "test_acc": [
        0.1194,
        0.1485,
        0.1026,
        0.1168,
        0.0778,
        0.0743,
        0.0848,
        0.1016,
        0.1148,
        0.0831,
        0.1352,
        0.1044,
        0.1124,
        0.1498,
        0.1017,
        0.0737,
        0.0657
      ],
      "train_loss": [
        2.313828945159912,
        46189.7896484375,
        144917.49375,
        286598.309375,
        537256.975,
        1006712.04375,
        1066191.9,
        1678786.8,
        2749865.075,
        3218864.325,
        3964500.65,
        5855423.575,
        5930955.2,
        6119885.75,
        6667171.1,
        6805709.5,
        7679957.75
      ]
    },
    "No-DP (upper)": {
      "test_acc": [
        0.111,
        0.111,
        0.1111,
        0.1112,
        0.1114,
        0.1115,
        0.1115,
        0.1116,
        0.1116,
        0.1116,
        0.1116,
        0.1117,
        0.1119,
        0.1119,
        0.112,
        0.1119,
        0.1119
      ],
      "train_loss": [
        2.3032742738723755,
        2.303243637084961,
        2.3032079935073853,
        2.303169512748718,
        2.3031309127807615,
        2.30309796333313,
        2.30306339263916,
        2.303023672103882,
        2.302989935874939,
        2.3029566526412966,
        2.3029195785522463,
        2.302881932258606,
        2.3028413534164427,
        2.302806758880615,
        2.302770233154297,
        2.302734351158142,
        2.302698850631714
      ]
    }
  }
}