{
  "meta": {
    "dataset": "MNIST",
    "alpha": 0.5,
    "seed": 0,
    "n_agents": 10,
    "n_rounds": 100,
    "rnd_step": 5,
    "budget_rate_range": [
      0.1,
      2.0
    ],
    "fixed_budget": 50.0,
    "note": "Per-round budget = fixed_budget if >0 else max_cost(reports) * U[min,max]; same draws for all methods.",
    "rounds_logged": [
      1,
      5,
      10,
      15,
      20,
      25,
      30,
      35,
      40,
      45,
      50,
      55,
      60,
      65,
      70,
      75,
      80,
      85,
      90,
      95,
      100
    ],
    "fl_deploy": "laplace_gradient_convlaggr",
    "delta_dp_gaussian": null,
    "eps_min_alg2": null,
    "local_epochs": 3,
    "local_batch_size": 64,
    "fl_lr": 0.02
  },
  "methods": {
    "Ours": {
      "test_acc": [
        0.1032,
        0.3719,
        0.6282,
        0.7184,
        0.7757,
        0.8588,
        0.8611,
        0.8753,
        0.8962,
        0.9014,
        0.9113,
        0.9147,
        0.909,
        0.9183,
        0.9179,
        0.9232,
        0.9359,
        0.9285,
        0.928,
        0.9447,
        0.9334
      ],
      "train_loss": [
        2.117273344596227,
        1.790272734562556,
        1.1634706869721412,
        0.8275703504681587,
        0.5854563117027283,
        0.5257040778795878,
        0.4145640775561333,
        0.38660435900092127,
        0.33940183656911055,
        0.31758427978665743,
        0.3424330398440361,
        0.26676592603325844,
        0.28265868201851846,
        0.3303518472860257,
        0.24721681028604509,
        0.2585609263430039,
        0.21836268063634634,
        0.22049561322977146,
        0.21081735429664453,
        0.20564874814202388,
        0.16987730708594123
      ],
      "mean_eps_bar": 2.6269601488113405
    },
    "CSRA": {
      "test_acc": [
        0.1032,
        0.2804,
        0.5558,
        0.6745,
        0.7752,
        0.84,
        0.755,
        0.8218,
        0.8352,
        0.8854,
        0.876,
        0.888,
        0.8721,
        0.9117,
        0.8956,
        0.9105,
        0.9177,
        0.92,
        0.8354,
        0.9226,
        0.9102
      ],
      "train_loss": [
        2.1140162613656788,
        1.780865674217542,
        1.3227520783742268,
        0.949483343710502,
        0.6181526153037945,
        0.5606147232982848,
        0.5194839280512598,
        0.4562675410083362,
        0.41507044820873823,
        0.36565119959414005,
        0.34899179202814895,
        0.37842658948567176,
        0.3515411609162887,
        0.3033067914657295,
        0.3435089468645553,
        0.26090845248351496,
        0.27589934436535396,
        0.24903832003474236,
        0.45662268106308246,
        0.3087635684620451,
        0.2894036677898839
      ],
      "mean_eps_bar": 0.5961666758358478
    },
    "MFG-Pricing": {
      "test_acc": [
        0.1032,
        0.2428,
        0.6817,
        0.7286,
        0.785,
        0.8664,
        0.8543,
        0.8443,
        0.8884,
        0.8957,
        0.9004,
        0.9059,
        0.8904,
        0.9127,
        0.9055,
        0.9274,
        0.9262,
        0.9232,
        0.9264,
        0.937,
        0.9124
      ],
      "train_loss": [
        2.1414018551508587,
        1.878367253144582,
        1.3000365912914276,
        0.8604293167591095,
        0.6002079700430234,
        0.49230801612138747,
        0.42628111615777015,
        0.4108167365193367,
        0.3456554419050614,
        0.31795920444031556,
        0.31314270397027333,
        0.31313695162534716,
        0.28307615804175534,
        0.29234495883186656,
        0.2681606254229943,
        0.2694365369156003,
        0.2452287056793769,
        0.2561796836555004,
        0.248649637773633,
        0.25325286692629256,
        0.21518602290501196
      ],
      "mean_eps_bar": 2.6282605171203612
    },
    "PAC": {
      "test_acc": [
        0.1032,
        0.3043,
        0.677,
        0.7765,
        0.7976,
        0.8682,
        0.8174,
        0.8633,
        0.8996,
        0.9068,
        0.9128,
        0.9131,
        0.9085,
        0.9255,
        0.904,
        0.9312,
        0.9394,
        0.94,
        0.936,
        0.9482,
        0.9455
      ],
      "train_loss": [
        2.1090637666207774,
        1.7465526251881212,
        1.0633690213715588,
        0.7092667641463103,
        0.49903969797823167,
        0.4668542577160729,
        0.3855908242640672,
        0.3584124628040526,
        0.3293088130928852,
        0.29808713854463015,
        0.32942248370360444,
        0.2721382033217836,
        0.25111203971836304,
        0.24403537161372327,
        0.22087685618963507,
        0.22229696423919112,
        0.2166697752006628,
        0.1911441669281986,
        0.18852801696845778,
        0.19386348404266215,
        0.1739041636939402
      ],
      "mean_eps_bar": 1.0
    },
    "VCG": {
      "test_acc": [
        0.1032,
        0.2016,
        0.6999,
        0.7125,
        0.7781,
        0.8658,
        0.8014,
        0.8632,
        0.8517,
        0.8926,
        0.8973,
        0.9014,
        0.9076,
        0.9216,
        0.9012,
        0.9202,
        0.9285,
        0.9311,
        0.9311,
        0.9358,
        0.9302
      ],
      "train_loss": [
        2.134328833332768,
        1.842715899149577,
        1.2196006421689634,
        0.8035569787025452,
        0.5251320920608662,
        0.5182176580031713,
        0.4264804580145412,
        0.38615940428442425,
        0.35538523782182624,
        0.3180626412784612,
        0.3833617089937131,
        0.27608513100831594,
        0.25539971901862707,
        0.2535277454665414,
        0.23927162270303126,
        0.25786805787572153,
        0.21524190481890132,
        0.21505462474845075,
        0.18803768453222733,
        0.19718064505744864,
        0.1599880167524572
      ],
      "mean_eps_bar": 1.0
    },
    "RegretNet": {
      "test_acc": [
        0.1062,
        0.298,
        0.6413,
        0.7664,
        0.7972,
        0.8705,
        0.857,
        0.8773,
        0.8956,
        0.9135,
        0.9131,
        0.9237,
        0.9263,
        0.9241,
        0.9239,
        0.9302,
        0.9457,
        0.9447,
        0.9473,
        0.9522,
        0.9507
      ],
      "train_loss": [
        2.0995797435442607,
        1.7452093879381816,
        1.1352056403954824,
        0.7377894381682079,
        0.5457311039169629,
        0.4847570975621541,
        0.3971834793686867,
        0.35330116624633473,
        0.3030473493039608,
        0.2830358245720466,
        0.2692490015178919,
        0.2516586408019066,
        0.23608557569483915,
        0.2679805369426807,
        0.22968008425086736,
        0.19757241408030193,
        0.20287719753881295,
        0.18410001487160724,
        0.17067653574049474,
        0.15984438027565678,
        0.14547989973798395
      ],
      "mean_eps_bar": 2.628102481365204
    },
    "DM-RegretNet": {
      "test_acc": [
        0.1548,
        0.3242,
        0.6636,
        0.7497,
        0.8097,
        0.8664,
        0.8779,
        0.8692,
        0.8906,
        0.8988,
        0.9094,
        0.9018,
        0.9039,
        0.9161,
        0.9093,
        0.9234,
        0.9331,
        0.9368,
        0.9184,
        0.9381,
        0.928
      ],