{
  "meta": {
    "dataset": "MNIST",
    "alpha": 0.5,
    "seed": 2,
    "n_agents": 10,
    "n_rounds": 100,
    "rnd_step": 5,
    "budget_rate_range": [
      0.1,
      2.0
    ],
    "fixed_budget": 50.0,
    "note": "Per-round budget = fixed_budget if >0 else max_cost(reports) * U[min,max]; same draws for all methods.",
    "rounds_logged": [
      1,
      5,
      10,
      15,
      20,
      25,
      30,
      35,
      40,
      45,
      50,
      55,
      60,
      65,
      70,
      75,
      80,
      85,
      90,
      95,
      100
    ],
    "fl_deploy": "laplace_gradient_convlaggr",
    "delta_dp_gaussian": null,
    "eps_min_alg2": null,
    "local_epochs": 3,
    "local_batch_size": 64,
    "fl_lr": 0.02
  },
  "methods": {
    "Ours": {
      "test_acc": [
        0.2983,
        0.4471,
        0.591,
        0.7182,
        0.7942,
        0.8467,
        0.8756,
        0.851,
        0.8811,
        0.8871,
        0.9037,
        0.9112,
        0.8983,
        0.9141,
        0.9113,
        0.9158,
        0.9181,
        0.9298,
        0.9342,
        0.926,
        0.9392
      ],
      "train_loss": [
        2.146889893213908,
        1.7515770673751831,
        1.1244678368171057,
        0.7921940520405769,
        0.5866104573011398,
        0.461933071911335,
        0.39085186024506885,
        0.37536129032572113,
        0.3604492299258709,
        0.3319064083198706,
        0.30326571327944596,
        0.2872162504742543,
        0.2997182449946801,
        0.27133230281372867,
        0.2556529466062784,
        0.256857950737079,
        0.2465521019573013,
        0.23391608869036037,
        0.19426312185823918,
        0.21882511811951796,
        0.21362989954650402
      ],
      "mean_eps_bar": 2.5381616711616517
    },
    "CSRA": {
      "test_acc": [
        0.2744,
        0.4539,
        0.6559,
        0.6969,
        0.7872,
        0.8486,
        0.8371,
        0.836,
        0.8773,
        0.8669,
        0.8917,
        0.9075,
        0.8819,
        0.8898,
        0.9,
        0.8898,
        0.9143,
        0.9021,
        0.9089,
        0.8872,
        0.9281
      ],
      "train_loss": [
        2.147543765604496,
        1.7571805194020271,
        1.0924021259502128,
        0.9061985578801897,
        0.6724184683213631,
        0.516629129924156,
        0.45102909704049426,
        0.3994667924319704,
        0.3692898107347665,
        0.3870853018015623,
        0.3840112395032688,
        0.3389850711183889,
        0.35303474466005963,
        0.3222430785772977,
        0.37348075428356725,
        0.32316536518434685,
        0.2947678974208732,
        0.3185395127921193,
        0.2724497625604272,
        0.2749829619295067,
        0.2761048724943841
      ],
      "mean_eps_bar": 0.6028333409130573
    },
    "MFG-Pricing": {
      "test_acc": [
        0.189,
        0.4841,
        0.6192,
        0.7622,
        0.8094,
        0.8445,
        0.8592,
        0.8482,
        0.8823,
        0.8728,
        0.8963,
        0.9027,
        0.8995,
        0.9162,
        0.9208,
        0.9172,
        0.9224,
        0.9274,
        0.9245,
        0.9134,
        0.9346
      ],
      "train_loss": [
        2.156341105699539,
        1.7705122868220011,
        1.115956605474154,
        0.7629533330599467,
        0.5985359504818917,
        0.4617229459186395,
        0.3971515918771426,
        0.4103421628475189,
        0.39464372719327606,
        0.35978961139917376,
        0.3430094636976719,
        0.2888315625488758,
        0.3291463221112887,
        0.29428729017575583,
        0.2748594041913748,
        0.2565595736106237,
        0.21920632384717464,
        0.22800579393903414,
        0.22514971451212962,
        0.21263008713722228,
        0.19531822341183822
      ],
      "mean_eps_bar": 2.5392990159988402
    },
    "PAC": {
      "test_acc": [
        0.1533,
        0.3634,
        0.6412,
        0.7179,
        0.8062,
        0.8423,
        0.841,
        0.8377,
        0.8808,
        0.823,
        0.9053,
        0.8977,
        0.8825,
        0.9073,
        0.9155,
        0.9231,
        0.9194,
        0.9217,
        0.9334,
        0.9187,
        0.9443
      ],
      "train_loss": [
        2.1447427758464106,
        1.7903083739457306,
        1.1520104121278834,
        0.8371605210834079,
        0.6624334857419685,
        0.47074069717416056,
        0.40203682250446743,
        0.4070160270289139,
        0.3728656120322369,
        0.3512265042022423,
        0.29368528144227135,
        0.2729344526650729,
        0.30704376598199207,
        0.2824147765835126,
        0.2685456863707966,
        0.24542982759023155,
        0.23320053221174963,
        0.21116225007507536,
        0.22844744032179867,
        0.18998357056881543,
        0.18684188897411028
      ],
      "mean_eps_bar": 1.0
    },
    "VCG": {
      "test_acc": [
        0.2462,
        0.355,
        0.6294,
        0.706,
        0.8186,
        0.8275,
        0.8551,
        0.8748,
        0.8878,
        0.8737,
        0.9076,
        0.9158,
        0.9086,
        0.9017,
        0.9229,
        0.9281,
        0.9293,
        0.9305,
        0.9348,
        0.9245,
        0.9326
      ],
      "train_loss": [
        2.1342634050934404,
        1.7423783794597343,
        1.1115854426666543,
        0.7530045117493029,
        0.5762193583779864,
        0.4484822518295712,
        0.3950926156507598,
        0.4247826542015429,
        0.32277285555998486,
        0.3106505502429273,
        0.3108479798667961,
        0.28802340422515516,
        0.2684974220615846,
        0.24785965984618222,
        0.26107564354660334,
        0.2613285548157162,
        0.23711827907849242,
        0.21693184647571156,
        0.21076059907122893,
        0.1784478298353928,
        0.18578761988491924
      ],
      "mean_eps_bar": 1.0
    },
    "RegretNet": {
      "test_acc": [
        0.3222,
        0.5296,
        0.6514,
        0.7617,
        0.83,
        0.8661,
        0.8655,
        0.8343,
        0.8913,
        0.8818,
        0.8811,
        0.9106,
        0.9139,
        0.8919,
        0.9268,
        0.9216,
        0.9303,
        0.9256,
        0.9291,
        0.9094,
        0.9424
      ],
      "train_loss": [
        2.1274749100208283,
        1.668830051024755,
        1.0885206679503123,
        0.7500435481468837,
        0.5388577957948049,
        0.4440599873661995,
        0.3855540235837301,
        0.4098111440738042,
        0.32240497519572575,
        0.36737945588926474,
        0.3611685108393431,
        0.2645305316895247,
        0.28468299470841885,
        0.2457862500101328,
        0.22701813299208878,
        0.2587047517299652,
        0.20725224260240793,
        0.21247969071070352,
        0.20174996877710025,
        0.1804315108185013,
        0.1963129101941983
      ],
      "mean_eps_bar": 2.541321542263031
    },
    "DM-RegretNet": {
      "test_acc": [
        0.2865,
        0.4955,
        0.6941,
        0.7584,
        0.8163,
        0.8551,
        0.8539,
        0.7989,
        0.8799,
        0.8691,
        0.8968,
        0.9054,
        0.8972,
        0.9102,
        0.9166,
        0.9196,
        0.9153,
        0.9298,
        0.9328,
        0.9222,
        0.943
      ],