{
  "meta": {
    "dataset": "MNIST",
    "alpha": 0.5,
    "seed": 1,
    "n_agents": 10,
    "n_rounds": 100,
    "rnd_step": 5,
    "budget_rate_range": [
      0.1,
      2.0
    ],
    "fixed_budget": 50.0,
    "note": "Per-round budget = fixed_budget if >0 else max_cost(reports) * U[min,max]; same draws for all methods.",
    "rounds_logged": [
      1,
      5,
      10,
      15,
      20,
      25,
      30,
      35,
      40,
      45,
      50,
      55,
      60,
      65,
      70,
      75,
      80,
      85,
      90,
      95,
      100
    ],
    "fl_deploy": "laplace_gradient_convlaggr",
    "delta_dp_gaussian": null,
    "eps_min_alg2": null,
    "local_epochs": 3,
    "local_batch_size": 64,
    "fl_lr": 0.02
  },
  "methods": {
    "Ours": {
      "test_acc": [
        0.1801,
        0.3959,
        0.6427,
        0.6883,
        0.7483,
        0.8002,
        0.8459,
        0.8249,
        0.8487,
        0.7862,
        0.8425,
        0.8275,
        0.8538,
        0.9036,
        0.9012,
        0.9112,
        0.8985,
        0.9008,
        0.9112,
        0.9261,
        0.9117
      ],
      "train_loss": [
        2.141454025109609,
        1.7413951814174653,
        1.2025760720173517,
        0.7607694859306018,
        0.5557261725266774,
        0.4827340162048737,
        0.4152418851852417,
        0.39173061959445477,
        0.373795568694671,
        0.3770159558703502,
        0.3475785631686449,
        0.30974548297623794,
        0.2690887190401554,
        0.2921729681392511,
        0.24261625123520691,
        0.22659387141466142,
        0.27192007936537266,
        0.2916219354917606,
        0.2429083085929354,
        0.23484176906446616,
        0.24320326450591287
      ],
      "mean_eps_bar": 2.4795659840106965
    },
    "CSRA": {
      "test_acc": [
        0.142,
        0.4018,
        0.5353,
        0.5829,
        0.7858,
        0.7905,
        0.8173,
        0.7348,
        0.857,
        0.8566,
        0.8751,
        0.7971,
        0.8686,
        0.8335,
        0.8754,
        0.9051,
        0.9148,
        0.8645,
        0.8896,
        0.8819,
        0.9204
      ],
      "train_loss": [
        2.1235252221425376,
        1.71628025919199,
        1.1672876051494054,
        0.8182288159926733,
        0.5973624686400095,
        0.46600990636008127,
        0.42804720780501765,
        0.5101890102738426,
        0.3892768897737066,
        0.37785587226971984,
        0.31047929435347515,
        0.3327817215273778,
        0.4316280169619454,
        0.3227810826566484,
        0.2767729266650147,
        0.29966248019977854,
        0.2869315995938248,
        0.3703982872819459,
        0.4057328750689824,
        0.25751737919118667,
        0.2426337091407428
      ],
      "mean_eps_bar": 0.6603333389759064
    },
    "MFG-Pricing": {
      "test_acc": [
        0.1468,
        0.4365,
        0.6479,
        0.6485,
        0.7672,
        0.8169,
        0.8071,
        0.8275,
        0.826,
        0.8552,
        0.8578,
        0.8653,
        0.8682,
        0.9031,
        0.9058,
        0.9111,
        0.8988,
        0.9162,
        0.8858,
        0.9173,
        0.9155
      ],
      "train_loss": [
        2.0929322759310405,
        1.6529601176579793,
        1.1041987836360931,
        0.6473402410745621,
        0.5358256384730339,
        0.46330771247545877,
        0.43835020462671914,
        0.39979205454389255,
        0.359671330327789,
        0.4017769188930591,
        0.36997810744990905,
        0.3169492942591508,
        0.2901322325691581,
        0.3030797084172567,
        0.24997540637850763,
        0.247794086424013,
        0.2996462766081095,
        0.2648789796202133,
        0.24248150450487932,
        0.20344347947587568,
        0.2387475335970521
      ],
      "mean_eps_bar": 2.478474029302597
    },
    "PAC": {
      "test_acc": [
        0.1011,
        0.2754,
        0.6234,
        0.6619,
        0.7541,
        0.8466,
        0.8182,
        0.8656,
        0.8828,
        0.8565,
        0.8552,
        0.8519,
        0.9036,
        0.9027,
        0.9139,
        0.9102,
        0.9118,
        0.8997,
        0.8782,
        0.9285,
        0.9313
      ],
      "train_loss": [
        2.1183794339497886,
        1.7233095743038036,
        1.2171011026258822,
        0.7677802454542231,
        0.5415525869638832,
        0.462840818144657,
        0.4243660039371914,
        0.3690722543332312,
        0.3511908871156198,
        0.3587595000863075,
        0.2806602683332231,
        0.2874070521858003,
        0.25018792916779165,
        0.2811312563717365,
        0.24023571948486347,
        0.2247233836463204,
        0.20474633512397608,
        0.2600307627408593,
        0.22627319361048717,
        0.19596940851597874,
        0.17660179278916782
      ],
      "mean_eps_bar": 1.0
    },
    "VCG": {
      "test_acc": [
        0.1071,
        0.3374,
        0.6069,
        0.6555,
        0.6756,
        0.8571,
        0.853,
        0.8649,
        0.8396,
        0.8593,
        0.8564,
        0.8593,
        0.8911,
        0.8849,
        0.9038,
        0.9155,
        0.919,
        0.9004,
        0.9261,
        0.9225,
        0.9071
      ],
      "train_loss": [
        2.0985672297301114,
        1.6556438428384286,
        1.118910668072877,
        0.7548404578809385,
        0.5325663699596016,
        0.47416406373182934,
        0.41569391665635286,
        0.3816474667853779,
        0.372452551567996,
        0.34086205699929484,
        0.3130384207599693,
        0.31328102242615485,
        0.27928099119000965,
        0.2313008037292295,
        0.287199133662162,
        0.24564202612748853,
        0.22615368395215935,
        0.2335152060345367,
        0.22870114969986458,
        0.23814517949466352,
        0.20853916100329822
      ],
      "mean_eps_bar": 1.0
    },
    "RegretNet": {
      "test_acc": [
        0.172,
        0.4882,
        0.6551,
        0.6972,
        0.8087,
        0.8173,
        0.8517,
        0.8679,
        0.7896,
        0.8584,
        0.8717,
        0.8549,
        0.833,
        0.9054,
        0.8891,
        0.9132,
        0.9073,
        0.8986,
        0.9,
        0.9127,
        0.9258
      ],
      "train_loss": [
        2.109992567698161,
        1.664524394273758,
        1.122900664806366,
        0.7022048304478328,
        0.5166340172290802,
        0.4091922760009766,
        0.357349968701601,
        0.3751831166446209,
        0.3462846498936415,
        0.346743876238664,
        0.34481441900134085,
        0.3456131582458814,
        0.28035576952000457,
        0.29474535025656223,
        0.25161075678964456,
        0.2003544472157955,
        0.3626602464045087,
        0.21102043880770605,
        0.22158305384218693,
        0.23661321109781663,
        0.24884250247851014
      ],
      "mean_eps_bar": 2.4814116287231447
    },
    "DM-RegretNet": {
      "test_acc": [
        0.162,
        0.4575,
        0.5613,
        0.6868,
        0.7828,
        0.8494,
        0.8197,
        0.8741,
        0.8135,
        0.8717,
        0.8548,
        0.8774,
        0.8983,
        0.9077,
        0.9158,
        0.9086,
        0.9179,
        0.9167,
        0.9309,
        0.9288,
        0.9381
      ],