{
  "meta": {
    "dataset": "MNIST",
    "alpha": 0.1,
    "seed": 0,
    "n_agents": 10,
    "n_rounds": 80,
    "rnd_step": 5,
    "budget_rate_range": [
      0.1,
      2.0
    ],
    "note": "Per-round budget = max_cost(reports) * U[min,max]; same draws for all methods.",
    "rounds_logged": [
      1,
      5,
      10,
      15,
      20,
      25,
      30,
      35,
      40,
      45,
      50,
      55,
      60,
      65,
      70,
      75,
      80
    ],
    "fl_deploy": "pag_alg2_gaussian_weights_eps_fedavg",
    "delta_dp_gaussian": 0.01,
    "eps_min_alg2": 0.1
  },
  "methods": {
    "Ours": {
      "test_acc": [
        0.126,
        0.0981,
        0.1236,
        0.1111,
        0.1096,
        0.0981,
        0.1028,
        0.1406,
        0.073,
        0.0594,
        0.1343,
        0.0798,
        0.0956,
        0.1026,
        0.0712,
        0.0704,
        0.1002
      ],
      "train_loss": [
        2.30227313041687,
        29079.1892578125,
        114928.984375,
        248187.684375,
        619584.46875,
        1366611.4203125,
        1739440.80625,
        1733159.8921875,
        2139779.55,
        2731321.89375,
        4672430.7,
        6575793.05,
        10729453.95,
        10461931.3,
        10848735.55,
        12348412.65,
        15191793.6
      ]
    },
    "CSRA": {
      "test_acc": [
        0.0974,
        0.1039,
        0.0902,
        0.0691,
        0.0856,
        0.0996,
        0.0734,
        0.1068,
        0.1202,
        0.1034,
        0.102,
        0.089,
        0.0812,
        0.0902,
        0.0814,
        0.0901,
        0.1013
      ],
      "train_loss": [
        2.2984695964389377,
        2278774.0694444445,
        11000020.222222222,
        30624497.888888888,
        58381367.333333336,
        74615747.33333333,
        86612553.33333333,
        123863289.33333333,
        235454105.7777778,
        436338325.3333333,
        498963982.2222222,
        618987680.0,
        644673831.1111112,
        806253148.4444444,
        1052153372.4444444,
        1155532472.8888888,
        1101681272.8888888
      ]
    },
    "MFG-Pricing": {
      "test_acc": [
        0.0963,
        0.1267,
        0.0918,
        0.0749,
        0.1305,
        0.1274,
        0.1271,
        0.124,
        0.0757,
        0.0806,
        0.0746,
        0.0799,
        0.0726,
        0.0945,
        0.1,
        0.104,
        0.0991
      ],
      "train_loss": [
        2.3072250366210936,
        36008.43154296875,
        147430.292578125,
        308254.1125,
        694657.275,
        974940.415625,
        1353543.453125,
        2646839.38125,
        2685787.0,
        2280555.43125,
        4999022.775,
        7473437.5,
        8415882.4,
        12325752.15,
        11795269.2,
        12493234.575,
        14580399.55
      ]
    },
    "RegretNet": {
      "test_acc": [
        0.0705,
        0.0705,
        0.0705,
        0.0705,
        0.0705,
        0.0705,
        0.0705,
        0.0705,
        0.0705,
        0.0705,
        0.0705,
        0.0705,
        0.0705,
        0.1095,
        0.1095,
        0.1095,
        0.1095
      ],
      "train_loss": [
        0.0,
        0.0,
        0.0,
        0.0,
        0.0,
        0.0,
        0.0,
        0.0,
        0.0,
        0.0,
        0.0,
        0.0,
        0.0,
        0.0,
        0.0,
        0.0,
        0.0
      ]
    },
    "Uniform-DP": {
      "test_acc": [
        0.0569,
        0.1241,
        0.1057,
        0.0802,
        0.0774,
        0.072,
        0.0869,
        0.1105,
        0.1154,
        0.0946,
        0.1378,
        0.1182,
        0.1072,
        0.1359,
        0.093,
        0.0598,
        0.0583
      ],
      "train_loss": [
        2.317854166030884,
        50634.86586914062,
        143105.4138671875,
        276607.9046875,
        491952.2265625,
        942727.5625,
        1096375.2875,
        1672270.39375,
        2680823.275,
        3079896.0125,
        3602529.0125,
        5386468.675,
        5712953.675,
        5400149.6,
        5998262.225,
        7092506.85,
        7849318.8
      ]
    },
    "No-DP (upper)": {
      "test_acc": [
        0.1111,
        0.1111,
        0.1111,
        0.1111,
        0.1111,
        0.1113,
        0.1112,
        0.1112,
        0.1112,
        0.1112,
        0.1113,
        0.1113,
        0.1114,
        0.1114,
        0.1114,
        0.1114,
        0.1114
      ],
      "train_loss": [
        2.2947020053863527,
        2.2946826696395872,
        2.2946599960327148,
        2.2946332454681397,
        2.2946062088012695,
        2.2945832014083862,
        2.2945616245269775,
        2.2945380449295043,
        2.294513440132141,
        2.2944912672042848,
        2.2944639921188354,
        2.294440984725952,
        2.2944140911102293,
        2.2943901300430296,
        2.294368314743042,
        2.2943477392196656,
        2.2943206548690798
      ]
    }
  }
}