{
  "meta": {
    "dataset": "MNIST",
    "alpha": 0.1,
    "seed": 2,
    "n_agents": 10,
    "n_rounds": 80,
    "rnd_step": 5,
    "budget_rate_range": [
      0.1,
      2.0
    ],
    "note": "Per-round budget = max_cost(reports) * U[min,max]; same draws for all methods.",
    "rounds_logged": [
      1,
      5,
      10,
      15,
      20,
      25,
      30,
      35,
      40,
      45,
      50,
      55,
      60,
      65,
      70,
      75,
      80
    ],
    "fl_deploy": "pag_alg2_gaussian_weights_eps_fedavg",
    "delta_dp_gaussian": 0.01,
    "eps_min_alg2": 0.1
  },
  "methods": {
    "Ours": {
      "test_acc": [
        0.1262,
        0.0981,
        0.147,
        0.1091,
        0.1113,
        0.1138,
        0.1394,
        0.1151,
        0.0744,
        0.043,
        0.1228,
        0.0926,
        0.0864,
        0.0527,
        0.1056,
        0.0852,
        0.0947
      ],
      "train_loss": [
        2.2857702732086183,
        42912.8859375,
        214851.6953125,
        654907.06875,
        1228495.825,
        2714450.98125,
        3348825.75625,
        3161306.11875,
        3139775.2125,
        3105090.075,
        5845266.225,
        6675921.725,
        8574606.475,
        7755755.85,
        7957812.95,
        9352155.1,
        11476337.325
      ]
    },
    "CSRA": {
      "test_acc": [
        0.0974,
        0.1039,
        0.0902,
        0.0691,
        0.0856,
        0.0996,
        0.0909,
        0.0746,
        0.1058,
        0.1028,
        0.1024,
        0.1042,
        0.0937,
        0.09,
        0.0869,
        0.0991,
        0.1203
      ],
      "train_loss": [
        2.3094354735480414,
        1900203.4965277778,
        11263248.777777778,
        29894311.333333332,
        59541001.222222224,
        80422390.44444445,
        90112746.22222222,
        74226103.1111111,
        173669602.2222222,
        314502157.3333333,
        351560807.1111111,
        460000771.5555556,
        483557968.0,
        610042039.5555556,
        706300546.4444444,
        765147158.6666666,
        799298941.3333334
      ]
    },
    "MFG-Pricing": {
      "test_acc": [
        0.107,
        0.1194,
        0.1175,
        0.1037,
        0.1237,
        0.098,
        0.0819,
        0.0986,
        0.0913,
        0.0897,
        0.0749,
        0.0964,
        0.0817,
        0.1134,
        0.0784,
        0.1218,
        0.115
      ],
      "train_loss": [
        2.3056236267089845,
        35497.0953125,
        274143.0046875,
        410072.684375,
        1023706.2625,
        1981393.5875,
        2110100.7375,
        2894589.94375,
        3536425.1125,
        2890471.7375,
        3807143.35,
        6068299.9375,
        6176855.275,
        8952865.48125,
        8521597.05,
        10482506.225,
        10823461.1875
      ]
    },
    "RegretNet": {
      "test_acc": [
        0.0705,
        0.0705,
        0.0705,
        0.0705,
        0.0705,
        0.0705,
        0.0705,
        0.0705,
        0.0705,
        0.1087,
        0.1087,
        0.1087,
        0.1444,
        0.1444,
        0.1444,
        0.055,
        0.055
      ],
      "train_loss": [
        0.0,
        0.0,
        0.0,
        0.0,
        0.0,
        0.0,
        0.0,
        0.0,
        0.0,
        2.3854103088378906,
        0.0,
        0.0,
        0.0,
        0.0,
        0.0,
        0.0,
        0.0
      ]
    },
    "Uniform-DP": {
      "test_acc": [
        0.1194,
        0.1485,
        0.1026,
        0.1168,
        0.0778,
        0.0743,
        0.0848,
        0.1016,
        0.1148,
        0.0831,
        0.1352,
        0.1044,
        0.1124,
        0.1498,
        0.1017,
        0.0737,
        0.0657
      ],
      "train_loss": [
        2.308855152130127,
        51468.3474609375,
        159446.94921875,
        323520.125,
        572822.0328125,
        972662.08125,
        1023049.75625,
        1684125.253125,
        2958275.4875,
        3535791.175,
        4159969.0875,
        5810104.5,
        5948241.75,
        5708825.8875,
        5714982.1,
        6030344.2,
        6756190.8
      ]
    },
    "No-DP (upper)": {
      "test_acc": [
        0.1111,
        0.111,
        0.1112,
        0.1112,
        0.1112,
        0.1115,
        0.1116,
        0.1116,
        0.112,
        0.1121,
        0.1122,
        0.1121,
        0.1126,
        0.1127,
        0.1127,
        0.1128,
        0.1128
      ],
      "train_loss": [
        2.3157581090927124,
        2.3157171487808226,
        2.315665340423584,
        2.315614342689514,
        2.3155610084533693,
        2.3155109167098997,
        2.31545774936676,
        2.3154030799865724,
        2.315351724624634,
        2.315298318862915,
        2.3152435302734373,
        2.315197253227234,
        2.315149712562561,
        2.315094304084778,
        2.3150453567504883,
        2.3149935960769654,
        2.3149418592453004
      ]
    }
  }
}