{
  "per_method_quantiles": {
    "PAC": {
      "n": 12000,
      "mean": 0.0,
      "p50": 0.0,
      "p90": 0.0,
      "p95": 0.0,
      "p99": 0.0
    },
    "VCG": {
      "n": 12000,
      "mean": 0.0,
      "p50": 0.0,
      "p90": 0.0,
      "p95": 0.0,
      "p99": 0.0
    },
    "CSRA": {
      "n": 12000,
      "mean": 45.34182357788086,
      "p50": 8.479132652282715,
      "p90": 58.083194732666016,
      "p95": 118.68084716796875,
      "p99": 590.8115234375
    },
    "MFG-Pricing": {
      "n": 12000,
      "mean": 166.06198120117188,
      "p50": 16.323471069335938,
      "p90": 219.40638732910156,
      "p95": 461.578125,
      "p99": 2462.66015625
    },
    "RegretNet": {
      "n": 12000,
      "mean": 0.028380723670125008,
      "p50": 0.0,
      "p90": 0.009492072276771069,
      "p95": 0.03874971345067024,
      "p99": 0.3791046142578125
    },
    "DM-RegretNet": {
      "n": 12000,
      "mean": 0.024700159206986427,
      "p50": 0.0,
      "p90": 0.011151273734867573,
      "p95": 0.04984074458479881,
      "p99": 0.4402640163898468
    },
    "Ours": {
      "n": 12000,
      "mean": 0.5452695488929749,
      "p50": 0.4949822425842285,
      "p90": 1.0021038055419922,
      "p95": 1.0061362981796265,
      "p99": 1.0370172262191772
    }
  },
  "seed": 42
}