{
  "misreport_iters": [
    1,
    3,
    5,
    10,
    15,
    20,
    25,
    35,
    50
  ],
  "mean_regret_by_iter": {
    "RegretNet": [
      0.05326753109693527,
      0.053396958857774734,
      0.9058847427368164,
      0.7556034326553345,
      0.7807819843292236,
      0.7458703517913818,
      1.4145386219024658,
      1.5693511962890625,
      0.8114590048789978
    ],
    "MFG-RegretNet": [
      0.04880179092288017,
      0.11929110437631607,
      0.17911262810230255,
      0.30229467153549194,
      0.40086591243743896,
      0.47992920875549316,
      0.5472331047058105,
      0.6506747007369995,
      0.7534759044647217
    ]
  }
}