{
  "description": "X = checkpoint training epoch (proxy for FL/auction rounds); baselines = horizontal refs",
  "neural_series": {
    "Ours (MFG-RegretNet)": {
      "epochs": [
        10,
        10,
        10,
        20,
        20,
        30,
        30,
        40,
        50,
        50,
        60,
        80,
        100,
        120,
        140,
        160,
        180,
        200
      ],
      "mean_regret": [
        0.615824818611145,
        0.6232790350914001,
        0.6200636029243469,
        0.6056116819381714,
        0.6089238524436951,
        0.6038155555725098,
        0.5983824729919434,
        0.5713329315185547,
        0.5736064314842224,
        0.5769837498664856,
        0.5552458763122559,
        0.565549910068512,
        0.5952573418617249,
        0.6593017578125,
        0.557457447052002,
        0.563791811466217,
        0.6007002592086792,
        0.5620083212852478
      ],
      "ir_pct": [
        1.2792968889698386,
        1.2695312732830644,
        1.1328125256113708,
        1.3574218843132257,
        1.3574218843132257,
        1.3769531389698386,
        1.4062500325962901,
        1.4062500325962901,
        1.5039062825962901,
        1.4648437965661287,
        1.4843750279396772,
        1.1132812593132257,
        1.0546875419095159,
        0.7226562534924597,
        0.6250000151339918,
        0.7128906203433871,
        0.42968750931322575,
        0.6152343936264515
      ]
    },
    "RegretNet": {
      "epochs": [
        10,
        20,
        30,
        40,
        50,
        60,
        70,
        80,
        90,
        110,
        120,
        130,
        140,
        150,
        160,
        170,
        180,
        200
      ],
      "mean_regret": [
        0.835252046585083,
        0.900826096534729,
        1.16596257686615,
        0.8286624550819397,
        1.3260307312011719,
        0.8310099840164185,
        1.3642419576644897,
        1.2632049322128296,
        0.6235070824623108,
        0.7168482542037964,
        1.1061049699783325,
        1.5342828035354614,
        0.5455986261367798,
        0.30386242270469666,
        1.3298063278198242,
        0.4716070890426636,
        1.2099238634109497,
        0.5750612020492554
      ],
      "ir_pct": [
        0.28320312267169356,
        0.28320312849245965,
        0.28320312849245965,
        0.16601562820142135,
        0.24414062791038305,
        0.08789062703726813,
        0.11718750465661287,
        0.23437500349245965,
        0.03906250058207661,
        0.019531250291038305,
        0.04882812572759576,
        0.04882812645519152,
        0.019531250291038305,
        0.0,
        0.02929687616415322,
        0.009765625145519152,
        0.029296875436557457,
        0.009765625145519152
      ]
    },
    "DM-RegretNet": {
      "epochs": [
        10,
        20,
        30,
        40,
        50,
        60,
        70,
        80,
        90,
        110,
        120,
        130,
        140,
        150,
        160,
        170,
        180,
        200
      ],
      "mean_regret": [
        1.1673572063446045,
        1.4362581968307495,
        1.32062566280365,
        0.7481697797775269,
        1.0894395112991333,
        1.2169106006622314,
        1.4484353065490723,
        0.7461583614349365,
        0.7693137526512146,
        0.6084647178649902,
        0.2480035424232483,
        0.9558935165405273,
        1.0519442558288574,
        1.393707275390625,
        0.6949349641799927,
        1.0722182989120483,
        0.8308191299438477,
        1.7805930376052856
      ],
      "ir_pct": [
        0.5371093866415322,
        0.4882812558207661,
        0.33203125931322575,
        0.11718750174622983,
        0.13671875349245965,
        0.1269531247089617,
        0.11718749956344254,
        0.04882812572759576,
        0.04882812572759576,
        0.019531250291038305,
        0.009765625145519152,
        0.03906250058207661,
        0.03906250058207661,
        0.09765625145519152,
        0.019531250291038305,
        0.029296875436557457,
        0.019531250291038305,
        0.09765625145519152
      ]
    }
  },
  "baselines": {
    "PAC": {
      "mean_regret": 0.0,
      "ir_pct": 0.0
    },
    "VCG": {
      "mean_regret": 0.0,
      "ir_pct": 0.0
    },
    "CSRA": {
      "mean_regret": 64.47927856445312,
      "ir_pct": 2.3144531529396772
    },
    "MFG-Pricing": {
      "mean_regret": 198.0264129638672,
      "ir_pct": 0.0
    }
  }
}