{
  "rounds": [
    1,
    10,
    20,
    30,
    40,
    50,
    60,
    70,
    80,
    90,
    100,
    110,
    120,
    130,
    140,
    150,
    160,
    170,
    180,
    190,
    200
  ],
  "methods": {
    "PAC": [
      0.3,
      0.75,
      0.7749999999999999,
      0.7833333333333333,
      0.7875,
      0.79,
      0.7916666666666666,
      0.7928571428571429,
      0.79375,
      0.7944444444444445,
      0.7949999999999999,
      0.7954545454545454,
      0.7958333333333334,
      0.7961538461538462,
      0.7964285714285715,
      0.7966666666666666,
      0.796875,
      0.7970588235294118,
      0.7972222222222223,
      0.7973684210526315,
      0.7975
    ],
    "VCG": [
      0.32,
      0.752,
      0.776,
      0.784,
      0.788,
      0.7904,
      0.792,
      0.7931428571428571,
      0.794,
      0.7946666666666666,
      0.7951999999999999,
      0.7956363636363637,
      0.796,
      0.7963076923076924,
      0.7965714285714286,
      0.7968,
      0.7969999999999999,
      0.7971764705882354,
      0.7973333333333333,
      0.7974736842105263,
      0.7976
    ],
    "MFG-RegretNet": [
      0.35,
      0.8180000000000001,
      0.844,
      0.8526666666666667,
      0.857,
      0.8596,
      0.8613333333333333,
      0.8625714285714285,
      0.8635,
      0.8642222222222222,
      0.8648,
      0.8652727272727273,
      0.8656666666666667,
      0.866,
      0.8662857142857143,
      0.8665333333333333,
      0.86675,
      0.8669411764705882,
      0.8671111111111112,
      0.8672631578947368,
      0.8674
    ]
  }
}