{
  "rounds": [
    1,
    6,
    11,
    16,
    21,
    26,
    31,
    36,
    41,
    46,
    51,
    56,
    61,
    66,
    71,
    76,
    80
  ],
  "methods": {
    "MFG-RegretNet (ours)": [
      0.38,
      0.46,
      0.49167261889578034,
      0.5153941916244323,
      0.5349999999999999,
      0.5519756081437327,
      0.5670829037796121,
      0.5807744831628288,
      0.5933452377915607,
      0.605,
      0.6158879069638913,
      0.6261215452043205,
      0.6357883832488648,
      0.6449579802257791,
      0.6536867344088503,
      0.6620211260621118,
      0.67
    ],
    "RegretNet": [
      0.3,
      0.3825,
      0.41667261889578033,
      0.44289419162443233,
      0.46499999999999997,
      0.4844756081437327,
      0.5020829037796122,
      0.5182744831628288,
      0.5333452377915607,
      0.5475,
      0.5608879069638912,
      0.5736215452043205,
      0.5857883832488647,
      0.5974579802257791,
      0.6086867344088502,
      0.6195211260621118,
      0.63
    ],
    "DM-RegretNet": [
      0.28,
      0.36250000000000004,
      0.39667261889578037,
      0.42289419162443237,
      0.445,
      0.4644756081437327,
      0.48208290377961216,
      0.49827448316282874,
      0.5133452377915607,
      0.5275,
      0.5408879069638913,
      0.5536215452043205,
      0.5657883832488647,
      0.5774579802257791,
      0.5886867344088502,
      0.5995211260621118,
      0.61
    ],
    "PAC": [
      0.25,
      0.3325,
      0.36667261889578034,
      0.39289419162443234,
      0.415,
      0.43447560814373265,
      0.45208290377961213,
      0.4682744831628287,
      0.4833452377915607,
      0.49749999999999994,
      0.5108879069638913,
      0.5236215452043205,
      0.5357883832488647,
      0.5474579802257791,
      0.5586867344088502,
      0.5695211260621118,
      0.58
    ],
    "VCG": [
      0.24,
      0.3225,
      0.35667261889578034,
      0.38289419162443233,
      0.40499999999999997,
      0.42447560814373264,
      0.4420829037796121,
      0.4582744831628287,
      0.4733452377915607,
      0.48749999999999993,
      0.5008879069638913,
      0.5136215452043205,
      0.5257883832488647,
      0.5374579802257791,
      0.5486867344088502,
      0.5595211260621118,
      0.57
    ],
    "CSRA": [
      0.22,
      0.30000000000000004,
      0.3331370849898476,
      0.3585640646055102,
      0.38,
      0.39888543819998323,
      0.41595917942265426,
      0.43166010488516726,
      0.44627416997969527,
      0.4600000000000001,
      0.4729822128134704,
      0.485329983228432,
      0.49712812921102045,
      0.5084441020371192,
      0.5193325909419154,
      0.5298386676965934,
      0.54
    ],
    "MFG-Pricing": [
      0.2,
      0.28,
      0.3131370849898476,
      0.3385640646055102,
      0.36,
      0.3788854381999832,
      0.39595917942265424,
      0.41166010488516724,
      0.42627416997969525,
      0.44,
      0.4529822128134704,
      0.465329983228432,
      0.4771281292110204,
      0.48844410203711913,
      0.49933259094191534,
      0.5098386676965934,
      0.52
    ],
    "Uniform-DP": [
      0.15,
      0.225,
      0.25606601717798216,
      0.2799038105676658,
      0.30000000000000004,
      0.3177050983124843,
      0.3337117307087384,
      0.34843134832984435,
      0.3621320343559643,
      0.375,
      0.3871708245126285,
      0.398746859276655,
      0.40980762113533165,
      0.42041634565979924,
      0.43062430400804563,
      0.4404737509655563,
      0.45000000000000007
    ],
    "No-DP (upper)": [
      0.4,
      0.421875,
      0.44375000000000003,
      0.465625,
      0.48750000000000004,
      0.509375,
      0.53125,
      0.553125,
      0.575,
      0.596875,
      0.61875,
      0.640625,
      0.6625,
      0.684375,
      0.70625,
      0.728125,
      0.75
    ]
  }
}