{
  "rounds": [
    1,
    6,
    11,
    16,
    21,
    26,
    31,
    36,
    41,
    46,
    51,
    56,
    61,
    66,
    71,
    76,
    80
  ],
  "methods": {
    "MFG-RegretNet (ours)": [
      0.43,
      0.51,
      0.5416726188957803,
      0.5653941916244324,
      0.585,
      0.6019756081437327,
      0.6170829037796122,
      0.6307744831628288,
      0.6433452377915607,
      0.655,
      0.6658879069638913,
      0.6761215452043206,
      0.6857883832488648,
      0.6949579802257791,
      0.7036867344088503,
      0.7120211260621119,
      0.7200000000000001
    ],
    "RegretNet": [
      0.35,
      0.4325,
      0.4666726188957804,
      0.4928941916244324,
      0.515,
      0.5344756081437327,
      0.5520829037796122,
      0.5682744831628288,
      0.5833452377915607,
      0.5975,
      0.6108879069638913,
      0.6236215452043206,
      0.6357883832488648,
      0.6474579802257792,
      0.6586867344088503,
      0.6695211260621119,
      0.68
    ],
    "DM-RegretNet": [
      0.33,
      0.41250000000000003,
      0.44667261889578036,
      0.47289419162443236,
      0.495,
      0.5144756081437327,
      0.5320829037796122,
      0.5482744831628288,
      0.5633452377915608,
      0.5775,
      0.5908879069638913,
      0.6036215452043205,
      0.6157883832488648,
      0.6274579802257791,
      0.6386867344088503,
      0.6495211260621119,
      0.66
    ],
    "PAC": [
      0.3,
      0.3825,
      0.41667261889578033,
      0.44289419162443233,
      0.46499999999999997,
      0.4844756081437327,
      0.5020829037796122,
      0.5182744831628288,
      0.5333452377915607,
      0.5475,
      0.5608879069638912,
      0.5736215452043205,
      0.5857883832488647,
      0.5974579802257791,
      0.6086867344088502,
      0.6195211260621118,
      0.63
    ],
    "VCG": [
      0.29,
      0.3725,
      0.4066726188957803,
      0.4328941916244323,
      0.45499999999999996,
      0.4744756081437327,
      0.49208290377961217,
      0.5082744831628287,
      0.5233452377915607,
      0.5375,
      0.5508879069638912,
      0.5636215452043205,
      0.5757883832488647,
      0.5874579802257791,
      0.5986867344088502,
      0.6095211260621118,
      0.62
    ],
    "CSRA": [
      0.27,
      0.35,
      0.3831370849898476,
      0.4085640646055102,
      0.43,
      0.44888543819998317,
      0.4659591794226542,
      0.48166010488516725,
      0.4962741699796952,
      0.51,
      0.5229822128134703,
      0.535329983228432,
      0.5471281292110204,
      0.5584441020371191,
      0.5693325909419154,
      0.5798386676965933,
      0.59
    ],
    "MFG-Pricing": [
      0.25,
      0.32999999999999996,
      0.3631370849898476,
      0.3885640646055102,
      0.41,
      0.42888543819998315,
      0.4459591794226542,
      0.46166010488516723,
      0.4762741699796952,
      0.49,
      0.5029822128134703,
      0.5153299832284319,
      0.5271281292110204,
      0.5384441020371191,
      0.5493325909419153,
      0.5598386676965933,
      0.57
    ],
    "Uniform-DP": [
      0.2,
      0.275,
      0.30606601717798215,
      0.3299038105676658,
      0.35,
      0.3677050983124842,
      0.3837117307087383,
      0.3984313483298443,
      0.41213203435596424,
      0.425,
      0.43717082451262845,
      0.448746859276655,
      0.4598076211353316,
      0.4704163456597992,
      0.4806243040080456,
      0.4904737509655563,
      0.5
    ],
    "No-DP (upper)": [
      0.45,
      0.470625,
      0.49125,
      0.511875,
      0.5325,
      0.553125,
      0.57375,
      0.594375,
      0.615,
      0.635625,
      0.65625,
      0.676875,
      0.6975,
      0.718125,
      0.73875,
      0.759375,
      0.78
    ]
  }
}