{
  "rounds": [
    1,
    6,
    11,
    16,
    21,
    26,
    31,
    36,
    41,
    46,
    51,
    56,
    61,
    66,
    71,
    76,
    80
  ],
  "methods": {
    "MFG-RegretNet (ours)": [
      0.53,
      0.6225,
      0.659350288425444,
      0.6870448267190433,
      0.71,
      0.72992645786248,
      0.747701525564402,
      0.7638463745511361,
      0.7787005768508881,
      0.7925,
      0.8054163777159961,
      0.8175793550837629,
      0.8290896534380867,
      0.840027371169079,
      0.8504574517435245,
      0.8604334178897046,
      0.87
    ],
    "RegretNet": [
      0.45,
      0.545,
      0.584350288425444,
      0.6145448267190433,
      0.64,
      0.66242645786248,
      0.6827015255644019,
      0.7013463745511361,
      0.7187005768508881,
      0.735,
      0.750416377715996,
      0.7650793550837629,
      0.7790896534380867,
      0.792527371169079,
      0.8054574517435245,
      0.8179334178897046,
      0.83
    ],
    "DM-RegretNet": [
      0.43,
      0.525,
      0.5643502884254441,
      0.5945448267190434,
      0.62,
      0.6424264578624801,
      0.662701525564402,
      0.6813463745511361,
      0.698700576850888,
      0.7150000000000001,
      0.7304163777159961,
      0.7450793550837631,
      0.7590896534380867,
      0.772527371169079,
      0.7854574517435244,
      0.7979334178897046,
      0.81
    ],
    "PAC": [
      0.4,
      0.495,
      0.5343502884254441,
      0.5645448267190434,
      0.5900000000000001,
      0.6124264578624801,
      0.632701525564402,
      0.6513463745511361,
      0.6687005768508881,
      0.685,
      0.7004163777159961,
      0.7150793550837631,
      0.7290896534380866,
      0.742527371169079,
      0.7554574517435244,
      0.7679334178897046,
      0.78
    ],
    "VCG": [
      0.39,
      0.485,
      0.5243502884254441,
      0.5545448267190434,
      0.5800000000000001,
      0.6024264578624801,
      0.622701525564402,
      0.6413463745511361,
      0.6587005768508881,
      0.675,
      0.6904163777159961,
      0.7050793550837631,
      0.7190896534380866,
      0.732527371169079,
      0.7454574517435244,
      0.7579334178897046,
      0.77
    ],
    "CSRA": [
      0.37,
      0.4625,
      0.5008147545195113,
      0.5302146997001211,
      0.5549999999999999,
      0.5768362879187305,
      0.596577801207444,
      0.6147319962734746,
      0.6316295090390226,
      0.6475,
      0.6625106835655751,
      0.6767877931078745,
      0.6904293994002423,
      0.703513492980419,
      0.7161033082765895,
      0.7282509595241861,
      0.74
    ],
    "MFG-Pricing": [
      0.35,
      0.4425,
      0.4808147545195113,
      0.5102146997001211,
      0.5349999999999999,
      0.5568362879187305,
      0.576577801207444,
      0.5947319962734746,
      0.6116295090390226,
      0.6275,
      0.6425106835655751,
      0.6567877931078745,
      0.6704293994002423,
      0.683513492980419,
      0.6961033082765895,
      0.708250959524186,
      0.72
    ],
    "Uniform-DP": [
      0.3,
      0.3875,
      0.42374368670764584,
      0.45155444566227676,
      0.475,
      0.4956559480312316,
      0.5143303524935281,
      0.5315032397181517,
      0.5474873734152916,
      0.5625,
      0.5766992952647332,
      0.5902046691560975,
      0.6031088913245535,
      0.615485736603099,
      0.62739502134272,
      0.6388860427931491,
      0.65
    ],
    "No-DP (upper)": [
      0.55,
      0.5750000000000001,
      0.6000000000000001,
      0.625,
      0.65,
      0.675,
      0.7,
      0.725,
      0.75,
      0.775,
      0.8,
      0.825,
      0.85,
      0.875,
      0.8999999999999999,
      0.9249999999999999,
      0.95
    ]
  }
}