{
  "rounds": [
    1,
    6,
    11,
    16,
    21,
    26,
    31,
    36,
    41,
    46,
    51,
    56,
    61,
    66,
    71,
    76,
    80
  ],
  "methods": {
    "MFG-RegretNet (ours)": [
      0.58,
      0.6725,
      0.709350288425444,
      0.7370448267190434,
      0.76,
      0.77992645786248,
      0.797701525564402,
      0.8138463745511362,
      0.8287005768508882,
      0.8425,
      0.8554163777159961,
      0.8675793550837629,
      0.8790896534380868,
      0.890027371169079,
      0.9004574517435245,
      0.9104334178897047,
      0.92
    ],
    "RegretNet": [
      0.5,
      0.595,
      0.634350288425444,
      0.6645448267190434,
      0.69,
      0.71242645786248,
      0.7327015255644019,
      0.7513463745511362,
      0.7687005768508881,
      0.785,
      0.800416377715996,
      0.815079355083763,
      0.8290896534380867,
      0.842527371169079,
      0.8554574517435245,
      0.8679334178897047,
      0.88
    ],
    "DM-RegretNet": [
      0.48,
      0.575,
      0.614350288425444,
      0.6445448267190433,
      0.6699999999999999,
      0.69242645786248,
      0.7127015255644019,
      0.7313463745511362,
      0.7487005768508881,
      0.765,
      0.780416377715996,
      0.7950793550837629,
      0.8090896534380867,
      0.822527371169079,
      0.8354574517435245,
      0.8479334178897047,
      0.86
    ],
    "PAC": [
      0.45,
      0.5425,
      0.5808147545195113,
      0.6102146997001211,
      0.635,
      0.6568362879187305,
      0.6765778012074439,
      0.6947319962734746,
      0.7116295090390226,
      0.7275,
      0.742510683565575,
      0.7567877931078744,
      0.7704293994002422,
      0.783513492980419,
      0.7961033082765896,
      0.808250959524186,
      0.82
    ],
    "VCG": [
      0.44,
      0.5325,
      0.5708147545195114,
      0.6002146997001212,
      0.625,
      0.6468362879187306,
      0.6665778012074439,
      0.6847319962734747,
      0.7016295090390227,
      0.7175,
      0.7325106835655751,
      0.7467877931078746,
      0.7604293994002423,
      0.773513492980419,
      0.7861033082765896,
      0.7982509595241861,
      0.81
    ],
    "CSRA": [
      0.42,
      0.5125,
      0.5508147545195113,
      0.5802146997001212,
      0.605,
      0.6268362879187306,
      0.6465778012074439,
      0.6647319962734747,
      0.6816295090390226,
      0.6975,
      0.7125106835655751,
      0.7267877931078746,
      0.7404293994002423,
      0.753513492980419,
      0.7661033082765896,
      0.7782509595241861,
      0.79
    ],
    "MFG-Pricing": [
      0.4,
      0.49250000000000005,
      0.5308147545195113,
      0.5602146997001212,
      0.585,
      0.6068362879187306,
      0.626577801207444,
      0.6447319962734747,
      0.6616295090390226,
      0.6775,
      0.6925106835655751,
      0.7067877931078745,
      0.7204293994002423,
      0.733513492980419,
      0.7461033082765895,
      0.7582509595241861,
      0.77
    ],
    "Uniform-DP": [
      0.35,
      0.4375,
      0.4737436867076458,
      0.5015544456622767,
      0.5249999999999999,
      0.5456559480312315,
      0.564330352493528,
      0.5815032397181517,
      0.5974873734152917,
      0.6124999999999999,
      0.6266992952647332,
      0.6402046691560974,
      0.6531088913245535,
      0.6654857366030991,
      0.6773950213427198,
      0.6888860427931489,
      0.7
    ],
    "No-DP (upper)": [
      0.6,
      0.62375,
      0.6475,
      0.67125,
      0.695,
      0.71875,
      0.7424999999999999,
      0.76625,
      0.79,
      0.81375,
      0.8374999999999999,
      0.86125,
      0.885,
      0.90875,
      0.9325,
      0.95625,
      0.98
    ]
  }
}