{
  "budgets": [
    25.0,
    50.0,
    75.0,
    100.0
  ],
  "methods": {
    "PAC": {
      "eta": [
        0.3261253433227539,
        0.16306267166137695,
        0.1087084477742513,
        0.08153133583068847
      ],
      "eta_err": [
        0.0008175421769538579,
        0.00040877108847692896,
        0.0002725140589846169,
        0.00020438554423846448
      ],
      "sw": [
        4.0610654830932615,
        4.0610654830932615,
        4.0610654830932615,
        4.0610654830932615
      ],
      "sw_err": [
        0.03627647217854596,
        0.03627647217854596,
        0.03627647217854596,
        0.03627647217854596
      ],
      "B": [
        25.0,
        50.0,
        75.0,
        100.0
      ]
    },
    "VCG": {
      "eta": [
        0.3261253433227539,
        0.16306267166137695,
        0.1087084477742513,
        0.08153133583068847
      ],
      "eta_err": [
        0.0008175421769538579,
        0.00040877108847692896,
        0.0002725140589846169,
        0.00020438554423846448
      ],
      "sw": [
        4.0610654830932615,
        4.0610654830932615,
        4.0610654830932615,
        4.0610654830932615
      ],
      "sw_err": [
        0.03627647217854596,
        0.03627647217854596,
        0.03627647217854596,
        0.03627647217854596
      ],
      "B": [
        25.0,
        50.0,
        75.0,
        100.0
      ]
    },
    "CSRA": {
      "eta": [
        0.7307877655029297,
        0.635561668395996,
        0.5667061462402343,
        0.5090087661743163
      ],
      "eta_err": [
        0.00565652864667223,
        0.007293184043117047,
        0.012002789835677692,
        0.013290827657308652
      ],
      "sw": [
        17.079822540283203,
        29.50367431640625,
        39.56805419921875,
        47.59072494506836
      ],
      "sw_err": [
        0.15173815070062896,
        0.36571951358757016,
        0.8737674219344639,
        1.3196398637306608
      ],
      "B": [
        25.0,
        50.0,
        75.0,
        100.0
      ]
    },
    "MFG-Pricing": {
      "eta": [
        1.0,
        1.0,
        1.0,
        1.0
      ],
      "eta_err": [
        0.0,
        0.0,
        0.0,
        0.0
      ],
      "sw": [
        12.249793815612794,
        37.249793243408206,
        62.249793243408206,
        87.24979248046876
      ],
      "sw_err": [
        0.06621784514835566,
        0.06621769228917443,
        0.06621769228917443,
        0.06621459593729892
      ],
      "B": [
        25.0,
        50.0,
        75.0,
        100.0
      ]
    },
    "RegretNet": {
      "eta": [
        0.9844915618896485,
        0.9844915618896485,
        0.9844914957682291,
        0.9844915008544923
      ],
      "eta_err": [
        8.993802941844573e-05,
        8.993802941844573e-05,
        8.992980208420825e-05,
        8.990659601858407e-05
      ],
      "sw": [
        11.894035911560058,
        36.506326293945314,
        61.11861038208008,
        85.73089752197265
      ],
      "sw_err": [
        0.06466551528083499,
        0.06333457930367702,
        0.06205867436050433,
        0.060836677512890465
      ],
      "B": [
        25.0,
        50.0,
        75.0,
        100.0
      ]
    },
    "DM-RegretNet": {
      "eta": [
        0.9878956298828125,
        0.9878956756591798,
        0.987895731608073,
        0.987895736694336
      ],
      "eta_err": [
        5.2427170817507706e-05,
        5.241525640041314e-05,
        5.240926485711525e-05,
        5.240738784719519e-05
      ],
      "sw": [
        11.979269981384277,
        36.67666244506836,
        61.37405624389648,
        86.07145233154297
      ],
      "sw_err": [
        0.06520088318980964,
        0.06434336469640581,
        0.06350039052078682,
        0.06267415974605145
      ],
      "B": [
        25.0,
        50.0,
        75.0,
        100.0
      ]
    },
    "Ours": {
      "eta": [
        1.0,
        1.0,
        1.0,
        1.0
      ],
      "eta_err": [
        0.0,
        0.0,
        0.0,
        0.0
      ],
      "sw": [
        12.277925109863281,
        37.27552032470703,
        62.27355194091797,
        87.27190551757812
      ],
      "sw_err": [
        0.0668792259508037,
        0.06668968966686578,
        0.06659260184865022,
        0.06650825324709835
      ],
      "B": [
        25.0,
        50.0,
        75.0,
        100.0
      ]
    }
  }
}