{
  "series": {
    "RegretNet": {
      "epochs": [
        10,
        20,
        30,
        50,
        60,
        70,
        90,
        100,
        120,
        130,
        140,
        160,
        170,
        190,
        200
      ],
      "R": [
        46.73708724975586,
        48.185340881347656,
        46.768436431884766,
        46.85467529296875,
        48.31012725830078,
        47.02253723144531,
        48.36736297607422,
        48.38302993774414,
        47.82014465332031,
        48.02252960205078,
        48.22633743286133,
        48.61912155151367,
        48.46322250366211,
        49.10614013671875,
        48.48853302001953
      ],
      "W": [
        34.044246673583984,
        48.143775939941406,
        34.054901123046875,
        34.127437591552734,
        48.2919921875,
        34.28569030761719,
        48.3561897277832,
        48.373329162597656,
        35.0688362121582,
        35.26932144165039,
        35.4714469909668,
        35.86140823364258,
        48.45875930786133,
        36.34528732299805,
        48.48505783081055
      ]
    },
    "DM-RegretNet": {
      "epochs": [
        10,
        20,
        30,
        50,
        60,
        70,
        90,
        100,
        120,
        130,
        140,
        160,
        170,
        190,
        200
      ],
      "R": [
        47.09588623046875,
        48.55156326293945,
        47.12907028198242,
        48.641605377197266,
        47.29517364501953,
        47.39458084106445,
        48.71425247192383,
        48.72834396362305,
        48.18857192993164,
        48.76500701904297,
        48.56440353393555,
        48.906776428222656,
        48.80403518676758,
        49.300662994384766,
        49.39790344238281
      ],
      "W": [
        34.40706253051758,
        48.51023483276367,
        34.41813659667969,
        48.62013626098633,
        34.56422424316406,
        34.658992767333984,
        48.703189849853516,
        48.71873092651367,
        35.437835693359375,
        48.75836944580078,
        35.80992889404297,
        36.14936447143555,
        48.799591064453125,
        36.53998947143555,
        36.636383056640625
      ]
    },
    "Ours": {
      "epochs": [
        10,
        10,
        20,
        20,
        30,
        30,
        40,
        50,
        60,
        80,
        100,
        130,
        150,
        170,
        200
      ],
      "R": [
        50.0,
        50.0,
        50.0,
        50.0,
        50.0,
        50.0,
        50.0,
        50.0,
        50.0,
        50.0,
        50.0,
        50.0,
        50.0,
        50.0,
        50.0
      ],
      "W": [
        38.009883880615234,
        37.992271423339844,
        37.57040023803711,
        37.546630859375,
        37.42160415649414,
        37.41990280151367,
        37.361549377441406,
        37.32679748535156,
        37.30314636230469,
        37.276187896728516,
        37.26054382324219,
        37.246761322021484,
        37.24082946777344,
        37.236385345458984,
        37.231475830078125
      ]
    }
  },
  "baselines_R": {
    "PAC": 8.169356738853455,
    "VCG": 8.169356738853455,
    "CSRA": 31.82316757936478,
    "MFG-Pricing": 50.00000005111694
  },
  "baselines_SW": {
    "PAC": 4.074982071614265,
    "VCG": 4.074982071614265,
    "CSRA": 29.523582455539703,
    "MFG-Pricing": 37.20806110420227
  }
}