{
  "false_ratio": 0.1,
  "revenue_clean": 8.14303970336914,
  "revenue_under_attack": 8.186603546142578,
  "revenue_loss_ratio": -0.005349825662204877
}