{
  "error_bound": {
    "labels": [
      "Ours (MFG-RegretNet)",
      "CSRA",
      "MFG-Pricing",
      "RegretNet"
    ],
    "x": [
      [
        0.1,
        0.2,
        0.30000000000000004,
        0.4,
        0.5,
        0.6000000000000001,
        0.7000000000000001,
        0.8,
        0.9,
        1.0,
        1.1,
        1.2000000000000002,
        1.3,
        1.4000000000000001,
        1.5,
        1.6,
        1.7000000000000002,
        1.8,
        1.9000000000000001,
        2.0
      ],
      [
        0.1,
        0.2,
        0.30000000000000004,
        0.4,
        0.5,
        0.6000000000000001,
        0.7000000000000001,
        0.8,
        0.9,
        1.0,
        1.1,
        1.2000000000000002,
        1.3,
        1.4000000000000001,
        1.5,
        1.6,
        1.7000000000000002,
        1.8,
        1.9000000000000001,
        2.0
      ],
      [
        0.1,
        0.2,
        0.30000000000000004,
        0.4,
        0.5,
        0.6000000000000001,
        0.7000000000000001,
        0.8,
        0.9,
        1.0,
        1.1,
        1.2000000000000002,
        1.3,
        1.4000000000000001,
        1.5,
        1.6,
        1.7000000000000002,
        1.8,
        1.9000000000000001,
        2.0
      ],
      [
        0.1,
        0.2,
        0.30000000000000004,
        0.4,
        0.5,
        0.6000000000000001,
        0.7000000000000001,
        0.8,
        0.9,
        1.0,
        1.1,
        1.2000000000000002,
        1.3,
        1.4000000000000001,
        1.5,
        1.6,
        1.7000000000000002,
        1.8,
        1.9000000000000001,
        2.0
      ]
    ],
    "y": [
      [
        2.0956034660339355,
        2.103864908218384,
        2.0936803817749023,
        2.0906543731689453,
        2.0920889377593994,
        2.09375262260437,
        2.088087797164917,
        2.0961802005767822,
        2.0926313400268555,
        2.0938467979431152,
        2.091968536376953,
        2.0889458656311035,
        2.0901501178741455,
        2.091522455215454,
        2.087507486343384,
        2.091709852218628,
        2.0904383659362793,
        2.0890493392944336,
        2.089904546737671,
        2.08870267868042
      ],
      [
        2.6233739852905273,
        1.5411354303359985,
        1.251211166381836,
        1.1472643613815308,
        1.116901159286499,
        1.1021502017974854,
        1.0954924821853638,
        1.0936317443847656,
        1.0926318168640137,
        1.0926318168640137,
        1.0926318168640137,
        1.0926318168640137,
        1.0926318168640137,
        1.0926318168640137,
        1.0926318168640137,
        1.0926318168640137,
        1.0926318168640137,
        1.0926318168640137,
        1.0926318168640137,
        1.0926318168640137
      ],
      [
        2.088212013244629,
        2.088212013244629,
        2.088212013244629,
        2.088212013244629,
        2.088212013244629,
        2.088212013244629,
        2.088212013244629,
        2.088212013244629,
        2.088212013244629,
        2.088212013244629,
        2.088212013244629,
        2.088212013244629,
        2.088212013244629,
        2.088212013244629,
        2.088212013244629,
        2.088212013244629,
        2.088212013244629,
        2.088212013244629,
        2.088212013244629,
        2.088212013244629
      ],
      [
        25.7757625579834,
        12.760988235473633,
        6.32290506362915,
        42.89439392089844,
        19.889240264892578,
        5.406004905700684,
        31.27979278564453,
        26.904205322265625,
        17.099302291870117,
        39.82068634033203,
        21.549114227294922,
        9.308237075805664,
        4.246023654937744,
        9.641448020935059,
        17.033361434936523,
        61.50859069824219,
        11.91246223449707,
        23.03594398498535,
        25.952648162841797,
        12.744403839111328
      ]
    ]
  },
  "invalid_rate": {
    "labels": [
      "Ours (MFG-RegretNet)",
      "CSRA",
      "MFG-Pricing",
      "RegretNet"
    ],
    "x": [
      [
        0.1,
        0.2,
        0.30000000000000004,
        0.4,
        0.5,
        0.6000000000000001,
        0.7000000000000001,
        0.8,
        0.9,
        1.0,
        1.1,
        1.2000000000000002,
        1.3,
        1.4000000000000001,
        1.5,
        1.6,
        1.7000000000000002,
        1.8,
        1.9000000000000001,
        2.0
      ],
      [
        0.1,
        0.2,
        0.30000000000000004,
        0.4,
        0.5,
        0.6000000000000001,
        0.7000000000000001,
        0.8,
        0.9,
        1.0,
        1.1,
        1.2000000000000002,
        1.3,
        1.4000000000000001,
        1.5,
        1.6,
        1.7000000000000002,
        1.8,
        1.9000000000000001,
        2.0
      ],
      [
        0.1,
        0.2,
        0.30000000000000004,
        0.4,
        0.5,
        0.6000000000000001,
        0.7000000000000001,
        0.8,
        0.9,
        1.0,
        1.1,
        1.2000000000000002,
        1.3,
        1.4000000000000001,
        1.5,
        1.6,
        1.7000000000000002,
        1.8,
        1.9000000000000001,
        2.0
      ],
      [
        0.1,
        0.2,
        0.30000000000000004,
        0.4,
        0.5,
        0.6000000000000001,
        0.7000000000000001,
        0.8,
        0.9,
        1.0,
        1.1,
        1.2000000000000002,
        1.3,
        1.4000000000000001,
        1.5,
        1.6,
        1.7000000000000002,
        1.8,
        1.9000000000000001,
        2.0
      ]
    ],
    "y": [
      [
        5.2363883224643307e-23,
        4.216463017520505e-25,
        9.465300413094697e-26,
        4.6737044507789916e-29,
        7.546806892279147e-30,
        1.890541733975505e-30,
        1.1887794118170887e-30,
        8.154197424648464e-31,
        5.380933536369297e-31,
        3.959823872722355e-31,
        3.052479061429985e-31,
        2.4281845911574255e-31,
        2.0298358867372106e-31,
        1.719278390160983e-31,
        1.4958813311600912e-31,
        1.3796585590022004e-31,
        1.2978785941694483e-31,
        1.2452084538910243e-31,
        1.2064485260130557e-31,
        1.1788862397715852e-31
      ],
      [
        0.0,
        0.0,
        0.0,
        0.0,
        0.0,
        0.0,
        0.0,
        0.0,
        0.0,
        0.0,
        0.0,
        0.0,
        0.0,
        0.0,
        0.0,
        0.0,
        0.0,
        0.0,
        0.0,
        0.0
      ],
      [
        0.0,
        0.0,
        0.0,
        0.0,
        0.0,
        0.0,
        0.0,
        0.0,
        0.0,
        0.0,
        0.0,
        0.0,
        0.0,
        0.0,
        0.0,
        0.0,
        0.0,
        0.0,
        0.0,
        0.0
      ],
      [
        0.9953325390815735,
        0.9953325390815735,
        0.9953325390815735,
        0.9953325390815735,
        0.9953325390815735,
        0.9953325390815735,
        0.9953325390815735,
        0.9953325390815735,
        0.9953325986862183,
        0.995332658290863,
        0.995332658290863,
        0.995332658290863,
        0.995332658290863,
        0.995332658290863,
        0.995332658290863,
        0.995332658290863,
        0.995332658290863,
        0.995332658290863,
        0.995332658290863,
        0.995332658290863
      ]
    ]
  },
  "meta": {
    "n_agents": 10,
    "n_items": 1,
    "n_profiles": 4000,
    "seed": 0,
    "nb_budget": 20,
    "budget_step": 0.1
  }
}