{
  "budget_factors": [
    0.2,
    0.4571428571428572,
    0.7142857142857144,
    0.9714285714285715,
    1.2285714285714286,
    1.4857142857142858,
    1.742857142857143,
    2.0
  ],
  "methods": {
    "MFG-RegretNet (ours)": [
      0.0,
      0.0,
      0.0,
      0.0,
      0.0,
      0.0,
      0.0,
      0.0
    ],
    "RegretNet": [
      1.0,
      0.98,
      1.0,
      1.0,
      1.0,
      1.0,
      1.0,
      1.0
    ],
    "M-RegretNet": [
      0.0,
      0.0,
      0.0,
      0.0,
      0.0,
      0.0,
      0.0,
      0.0
    ],
    "DM-RegretNet": [
      1.0,
      1.0,
      1.0,
      0.98,
      1.0,
      0.96,
      1.0,
      0.98
    ],
    "PAC": [
      0.0,
      0.0,
      0.0,
      0.0,
      0.0,
      0.0,
      0.0,
      0.0
    ],
    "VCG": [
      0.0,
      0.0,
      0.0,
      0.0,
      0.0,
      0.0,
      0.0,
      0.0
    ],
    "CSRA": [
      0.0,
      0.0,
      0.0,
      0.0,
      0.0,
      0.0,
      0.0,
      0.0
    ],
    "MFG-Pricing": [
      0.0,
      0.0,
      0.0,
      0.0,
      0.0,
      0.0,
      0.0,
      0.0
    ]
  },
  "n_trials": 50
}