{
  "budget_factors": [
    0.2,
    0.2947368421052632,
    0.3894736842105263,
    0.4842105263157895,
    0.5789473684210527,
    0.6736842105263159,
    0.7684210526315789,
    0.8631578947368421,
    0.9578947368421054,
    1.0526315789473684,
    1.1473684210526316,
    1.2421052631578948,
    1.3368421052631578,
    1.431578947368421,
    1.5263157894736843,
    1.6210526315789473,
    1.7157894736842105,
    1.8105263157894738,
    1.9052631578947368,
    2.0
  ],
  "methods": {
    "Uniform-DP": [
      0.44120000000000004,
      0.3925569913018332,
      0.35035772523768033,
      0.31374859878740236,
      0.28198908578035187,
      0.2544367575975157,
      0.2305342881822516,
      0.20979818049812682,
      0.19180898639364527,
      0.1762028220421521,
      0.1626640073319843,
      0.150918680317104,
      0.14072925756188506,
      0.13188962832439868,
      0.12422098536656272,
      0.11756820805715035,
      0.11179672460538699,
      0.10678978995467332,
      0.10244612427391016,
      0.09867786427803611
    ],
    "RegretNet": [
      0.27,
      0.2398498126914413,
      0.21369362272357312,
      0.19100234500003477,
      0.1713169823627671,
      0.1542393410381116,
      0.13942397600838907,
      0.12657120338064723,
      0.11542103840739015,
      0.10574793653810952,
      0.09735623112407307,
      0.09007617549066686,
      0.08376050931668039,
      0.07828147986555865,
      0.07352825781435096,
      0.06940469540797227,
      0.06582738159092069,
      0.06272395477582693,
      0.06003163911966763,
      0.05769597469956705
    ],
    "DM-RegretNet": [
      0.22484999999999997,
      0.1993031475287541,
      0.17714048832267604,
      0.15791371807230536,
      0.14123391937020927,
      0.1267636947240765,
      0.11421034171009592,
      0.1033199322142259,
      0.09387217599677147,
      0.08567596468090694,
      0.0785655060293387,
      0.07239697031359887,
      0.06704558093902378,
      0.06240309047483737,
      0.058375591034699394,
      0.05488161471628932,
      0.051850485675786706,
      0.049220890503155625,
      0.04693963797991168,
      0.044960583131860736
    ],
    "PAC": [
      0.26897000000000004,
      0.23845287060512882,
      0.2119783473938029,
      0.18901090605297893,
      0.1690859632113825,
      0.15180047888818,
      0.1368048038359077,
      0.12379560686643104,
      0.11250973909450998,
      0.10271891098543187,
      0.09422507453450227,
      0.08685641716952955,
      0.08046388634131663,
      0.07491817450188379,
      0.07010710348282967,
      0.06593335536526614,
      0.06231250394156591,
      0.059171306949504614,
      0.05644622453426112,
      0.05408213396985615
    ],
    "VCG": [
      0.28296,
      0.2508413074919457,
      0.22297738034076245,
      0.1988045894934465,
      0.17783396987555586,
      0.15964132964894787,
      0.14385866969681027,
      0.13016673977008666,
      0.11828858072168637,
      0.10798392220136219,
      0.09904432248832494,
      0.09128895215055839,
      0.08456093624306822,
      0.07872418105537501,
      0.07366062121998038,
      0.06926783149655956,
      0.06545695492326288,
      0.062150905425953425,
      0.05928280852792008,
      0.05679464861887973
    ],
    "CSRA": [
      0.31639999999999996,
      0.28084503394720045,
      0.2500000366388709,
      0.223241078198635,
      0.2000268807828062,
      0.17988786966005776,
      0.16241667469530593,
      0.14725989010266133,
      0.13411092578446185,
      0.1227038056539042,
      0.11280778749429356,
      0.10422269552590065,
      0.09677487126800094,
      0.09031366079049184,
      0.08470836729952459,
      0.0798456074143223,
      0.0756270176581859,
      0.07196726477079063,
      0.06879231959454651,
      0.06603795961934883
    ],
    "MFG-Pricing": [
      0.29279000000000005,
      0.2599917360468978,
      0.23153826032570063,
      0.20685401844709406,
      0.1854396997504284,
      0.16686213729185434,
      0.15074554578170937,
      0.13676392023292816,
      0.12463444156100933,
      0.11411175574459813,
      0.1049830108260512,
      0.09706355136087087,
      0.0901931832237122,
      0.08423293321578941,
      0.07906223792730735,
      0.07457650499147563,
      0.07068499739936754,
      0.06730899807973194,
      0.06438021761704088,
      0.06183941289923464
    ],
    "MFG-RegretNet (ours)": [
      0.16419999999999998,
      0.1448328761664706,
      0.12803131652981717,
      0.11345546062831757,
      0.10081046933847342,
      0.08984056089530718,
      0.08032383696145204,
      0.07206779408721715,
      0.06490542976784025,
      0.05869186433159759,
      0.05330141032662339,
      0.04862503012625438,
      0.04456813032556535,
      0.04104864831434392,
      0.03799539232187219,
      0.03534660135608764,
      0.033048695907700376,
      0.031055194148619934,
      0.029325771701649413,
      0.027825445962551414
    ]
  }
}