{
  "budget_factors": [
    0.2,
    0.2947368421052632,
    0.3894736842105263,
    0.4842105263157895,
    0.5789473684210527,
    0.6736842105263159,
    0.7684210526315789,
    0.8631578947368421,
    0.9578947368421054,
    1.0526315789473684,
    1.1473684210526316,
    1.2421052631578948,
    1.3368421052631578,
    1.431578947368421,
    1.5263157894736843,
    1.6210526315789473,
    1.7157894736842105,
    1.8105263157894738,
    1.9052631578947368,
    2.0
  ],
  "methods": {
    "Uniform-DP": [
      0.3368,
      0.29960240511316655,
      0.26733237812293204,
      0.23933716377860173,
      0.2150504773614455,
      0.193981049927512,
      0.17570269096289828,
      0.15984566743974402,
      0.14608922488925816,
      0.13415509920870453,
      0.12380188795975272,
      0.11482016730131485,
      0.107028255782618,
      0.10026853930689313,
      0.0944042829273715,
      0.08931686498487969,
      0.0849033776394136,
      0.08107454525945608,
      0.0777529185624019,
      0.07487130797732174
    ],
    "RegretNet": [
      0.20500000000000002,
      0.18202969033697677,
      0.16210225914001572,
      0.14481461609405108,
      0.12981706828516615,
      0.11680624664327129,
      0.10551896941939658,
      0.09572691856855987,
      0.08723202135255471,
      0.07986244374212738,
      0.07346911457343704,
      0.06792271014974356,
      0.06311103829311239,
      0.05893676893096605,
      0.05531546531198795,
      0.05217387602698766,
      0.04944845328587719,
      0.04708406747859574,
      0.045032892018235356,
      0.04325343590907261
    ],
    "DM-RegretNet": [
      0.16977499999999995,
      0.1503317058777956,
      0.13346406623573126,
      0.11883088395158214,
      0.10613616030885384,
      0.09512310756093507,
      0.0855689546512799,
      0.07728044102018672,
      0.07008990734729653,
      0.06385190415369518,
      0.0584402496627233,
      0.05374547740616269,
      0.04967262194620282,
      0.04613929792296736,
      0.04307403357074412,
      0.040414824993432026,
      0.03810788195521698,
      0.03610653981644111,
      0.03437031560540076,
      0.03286408913237677
    ],
    "PAC": [
      0.203855,
      0.1806124643487558,
      0.16044886895854357,
      0.14295634640589236,
      0.12778105949235194,
      0.1146160438569502,
      0.10319499872825968,
      0.09328690021595545,
      0.0846913281800028,
      0.07723441214979793,
      0.07076531428767241,
      0.06515317825445939,
      0.06028448225904288,
      0.056060742749611585,
      0.052396522297086766,
      0.049217701374366325,
      0.04645997907308871,
      0.04406757243054795,
      0.041992088056859764,
      0.04019154323775279
    ],
    "VCG": [
      0.21468000000000004,
      0.19021542797827493,
      0.16899167945777452,
      0.15057944233131118,
      0.13460627549541226,
      0.1207490751446329,
      0.10872753905636774,
      0.09829849666229319,
      0.08925099021562748,
      0.08140200755649414,
      0.07459278015814506,
      0.06868557157124937,
      0.06356089130318336,
      0.059115077774918166,
      0.05525820146377126,
      0.051912245816978564,
      0.049009529139768165,
      0.04649133553602688,
      0.04430672720834893,
      0.042411514092776985
    ],
    "CSRA": [
      0.2406,
      0.2134966242384397,
      0.18998363448700817,
      0.16958541206945127,
      0.151889343547549,
      0.13653747441299488,
      0.12321926841527418,
      0.11166532606186479,
      0.10164193522913896,
      0.09294634365420566,
      0.08540265768007622,
      0.0788582842943341,
      0.07318084449118106,
      0.06825549552062084,
      0.06398260785947367,
      0.060275749914196514,
      0.05705993969025648,
      0.05427012806297975,
      0.051849882969613334,
      0.0497502479065528
    ],
    "MFG-Pricing": [
      0.22248500000000004,
      0.19748988535889545,
      0.1758058752354894,
      0.15699434739161494,
      0.140674783906497,
      0.12651707409391955,
      0.11423483705247317,
      0.10357962877802032,
      0.0943359166603621,
      0.08631671970866958,
      0.07935982631654538,
      0.07332451306000211,
      0.06808869815649315,
      0.06354647200541712,
      0.05960595485808792,
      0.05618743828230777,
      0.05322177282725339,
      0.0506489692745031,
      0.048416985181434474,
      0.04648067217129968
    ],
    "MFG-RegretNet (ours)": [
      0.12292499999999998,
      0.1082307577890954,
      0.0954830628322159,
      0.08442405588369442,
      0.07483003632948126,
      0.06650693719091619,
      0.05928639955505516,
      0.0530223670254758,
      0.047588131306413664,
      0.04287376915856677,
      0.03878391888153693,
      0.03523585134579184,
      0.03215779655515277,
      0.0294874918896621,
      0.027170922662815816,
      0.025161229517264162,
      0.023417760557877317,
      0.021905249048807564,
      0.020593100041077023,
      0.01945477150065674
    ]
  }
}