{
  "budget_factors": [
    0.2,
    0.2947368421052632,
    0.3894736842105263,
    0.4842105263157895,
    0.5789473684210527,
    0.6736842105263159,
    0.7684210526315789,
    0.8631578947368421,
    0.9578947368421054,
    1.0526315789473684,
    1.1473684210526316,
    1.2421052631578948,
    1.3368421052631578,
    1.431578947368421,
    1.5263157894736843,
    1.6210526315789473,
    1.7157894736842105,
    1.8105263157894738,
    1.9052631578947368,
    2.0
  ],
  "methods": {
    "Uniform-DP": [
      0.1898,
      0.16929363358802765,
      0.15150374691392404,
      0.13607048772410096,
      0.12268167341720713,
      0.11106647624208996,
      0.10098994501800804,
      0.09224825256293581,
      0.08466457269536026,
      0.07808550340992686,
      0.0723779638752483,
      0.06742650248662228,
      0.06313096152118684,
      0.059404451156364155,
      0.05617159187021761,
      0.053366989671151624,
      0.05093391331403569,
      0.04882314674559758,
      0.04699199356645231,
      0.04540341337211326
    ],
    "RegretNet": [
      0.114,
      0.10141534361022371,
      0.0904977774988552,
      0.08102646210458392,
      0.07280981249764003,
      0.06568162301678647,
      0.05949770527590933,
      0.05413297153410144,
      0.04947890443190714,
      0.04544136191177683,
      0.04193867292085652,
      0.03889998537615709,
      0.03626383297488856,
      0.03397689185952581,
      0.031992901987536654,
      0.030271731387334654,
      0.028778564372308725,
      0.0274831972921949,
      0.026359427576311177,
      0.025384523710276226
    ],
    "DM-RegretNet": [
      0.092775,
      0.08214096535063903,
      0.07291562198653263,
      0.06491236047837341,
      0.05796929156050582,
      0.05194597144918455,
      0.046720560958143365,
      0.042187360946315706,
      0.03825467424496152,
      0.03484295081545141,
      0.031883178618123745,
      0.029315487642852738,
      0.027087938863780834,
      0.025155473621299305,
      0.02347900217946847,
      0.022024613022297777,
      0.02076288689460087,
      0.019668301711904687,
      0.018718716301982945,
      0.017894922535183412
    ],
    "PAC": [
      0.11257500000000001,
      0.09984793828791835,
      0.08880683129686856,
      0.07922834049155686,
      0.07091871300748176,
      0.06370986243513432,
      0.057455968782978824,
      0.05203052884356627,
      0.047323797297847144,
      0.04324056679656798,
      0.03969824211443462,
      0.03662516942120307,
      0.033959186874341254,
      0.03164636721477833,
      0.02963992693107983,
      0.027899279926717646,
      0.02638921654810064,
      0.0250791913668171,
      0.02394270530941154,
      0.022956769636471457
    ],
    "VCG": [
      0.11889200000000001,
      0.10549371245710788,
      0.09387029696620226,
      0.08378663610717714,
      0.0750387584803822,
      0.06744971279119807,
      0.06086598849490549,
      0.05515441059896935,
      0.05019944581107318,
      0.04590086554190454,
      0.04217171849011863,
      0.03893657179910821,
      0.03612998520785452,
      0.03369518733111746,
      0.03158292729287823,
      0.029750478483976855,
      0.028160774292042626,
      0.0267816583213387,
      0.025585233936034374,
      0.02454729996952377
    ],
    "CSRA": [
      0.1342,
      0.1193368584533379,
      0.10644263826706897,
      0.09525651629615069,
      0.0855522206551075,
      0.077133453710352,
      0.06982992138902133,
      0.06349388848553875,
      0.057997190286947164,
      0.05322864006843536,
      0.049091780018106324,
      0.045502930096892893,
      0.04238949536613154,
      0.039688497543566265,
      0.0373453010842275,
      0.03531250801746261,
      0.03354899918497936,
      0.03201910248615018,
      0.030691871305916992,
      0.029540458529399922
    ],
    "MFG-Pricing": [
      0.12392500000000001,
      0.11022428329355147,
      0.09833850145072737,
      0.0880272299280694,
      0.07908189323756233,
      0.07132154590011727,
      0.06458921229643076,
      0.058748711378046756,
      0.05368190200915786,
      0.04928629321816334,
      0.04547297101936405,
      0.042164799868726816,
      0.03929486237292473,
      0.03680510569022585,
      0.03464516724274714,
      0.03277135598668512,
      0.031145768633747687,
      0.029735522946792183,
      0.02851209260084193,
      0.02745073015510862
    ],
    "MFG-RegretNet (ours)": [
      0.06534999999999999,
      0.05735543144081053,
      0.050419903916378,
      0.0444031261895962,
      0.039183391412974486,
      0.0346551152532954,
      0.0307267001410645,
      0.02731868244297917,
      0.024362125078585217,
      0.02179722306711296,
      0.019572093797617793,
      0.017641727552116633,
      0.015967077052994997,
      0.01451426761813034,
      0.013253911946819335,
      0.012160515676059431,
      0.011211961682829806,
      0.01038906270088381,
      0.009675173202425048,
      0.009055852693843897
    ]
  }
}