{
  "budget_factors": [
    0.2,
    0.2947368421052632,
    0.3894736842105263,
    0.4842105263157895,
    0.5789473684210527,
    0.6736842105263159,
    0.7684210526315789,
    0.8631578947368421,
    0.9578947368421054,
    1.0526315789473684,
    1.1473684210526316,
    1.2421052631578948,
    1.3368421052631578,
    1.431578947368421,
    1.5263157894736843,
    1.6210526315789473,
    1.7157894736842105,
    1.8105263157894738,
    1.9052631578947368,
    2.0
  ],
  "methods": {
    "Uniform-DP": [
      0.27440000000000003,
      0.24387889650311098,
      0.21740092563932878,
      0.1944304933568014,
      0.17450295578375014,
      0.15721522045334316,
      0.14221759258494218,
      0.12920670148902072,
      0.11791936401169899,
      0.10812726088919346,
      0.09963231832595094,
      0.09226270137543781,
      0.08586933807804553,
      0.08032290404668153,
      0.07551120650450993,
      0.07133691485938845,
      0.06771559190926242,
      0.06457398585391268,
      0.061848548564022054,
      0.05948415013523835
    ],
    "RegretNet": [
      0.166,
      0.1472422384758703,
      0.13096931888250415,
      0.11685207404220087,
      0.10460494157542978,
      0.09398018757028383,
      0.08476289544282904,
      0.07676661862346065,
      0.06982960913219001,
      0.06381154575481682,
      0.05859069563782403,
      0.05406145188698783,
      0.05013219736046549,
      0.04672345144535636,
      0.043766262330896734,
      0.04120081225733249,
      0.038975207527567536,
      0.0370444288060505,
      0.03536942047163856,
      0.03391630060394857
    ],
    "DM-RegretNet": [
      0.1367,
      0.12084333294888185,
      0.10708719964855752,
      0.09515334225177573,
      0.08480036374702643,
      0.07581884500115094,
      0.06802710864764575,
      0.06126754413296779,
      0.05540341958420298,
      0.05031611600883878,
      0.045902727880279194,
      0.04207398157395792,
      0.03875242954835958,
      0.035870883743002506,
      0.03337105650429618,
      0.031202381548041655,
      0.029320991109108994,
      0.027688828588165567,
      0.02627287874615208,
      0.025044499874948046
    ],
    "PAC": [
      0.16482,
      0.14584763696690778,
      0.1293885441409057,
      0.11510978844861589,
      0.10272254048328427,
      0.09197623208909639,
      0.08265348789069193,
      0.07456572824330535,
      0.06754935466039727,
      0.06146244055794396,
      0.05618186037605337,
      0.05160079900603387,
      0.04762659114382674,
      0.04417884686443459,
      0.04118782550163157,
      0.03859302493993756,
      0.03634195778317953,
      0.034389089644085824,
      0.03269491807872933,
      0.03122517353458696
    ],
    "VCG": [
      0.173768,
      0.15379575289922326,
      0.13646923071523578,
      0.12143795409035692,
      0.10839787169099149,
      0.09708520988415642,
      0.08727113714777153,
      0.07875713528687794,
      0.07137098382515553,
      0.06496327634436597,
      0.059404398304544144,
      0.054581905212552115,
      0.05039824810482104,
      0.04676880033554722,
      0.043620145756388694,
      0.04088859366111232,
      0.038518890455623594,
      0.036463101993154105,
      0.03467964396658193,
      0.03313244074474659
    ],
    "CSRA": [
      0.19519999999999998,
      0.1730510047539937,
      0.15383608839798513,
      0.1371665733040677,
      0.12270526999584645,
      0.11015965650954417,
      0.0992759612856004,
      0.08983402990001851,
      0.08164287180015654,
      0.07453679696472719,
      0.06837206434070746,
      0.06302397426203647,
      0.058384346035803864,
      0.05435932967276541,
      0.0508675074980645,
      0.04783824724170897,
      0.04521027329526335,
      0.04293042723426302,
      0.04095259253430768,
      0.03923676173008615
    ],
    "MFG-Pricing": [
      0.18034000000000003,
      0.15992106383241983,
      0.14220702551235306,
      0.12683956704000598,
      0.11350783682511828,
      0.10194216180849966,
      0.0919085925392491,
      0.08320417086596206,
      0.07565282451720175,
      0.06910180552717136,
      0.06341860046337708,
      0.058488249956640564,
      0.05421102331315078,
      0.050500401170813766,
      0.04728132539325157,
      0.04448868080046066,
      0.04206597802471229,
      0.03996421084862023,
      0.03814086491171163,
      0.03655905773370503
    ],
    "MFG-RegretNet (ours)": [
      0.09809999999999999,
      0.08616444693980163,
      0.07580999739628266,
      0.06682720248024221,
      0.05903435901091965,
      0.052273834040131154,
      0.04640887626694136,
      0.041320849844447775,
      0.036906834624366655,
      0.033077544297379906,
      0.029755520317570224,
      0.02687356507780793,
      0.02437338264249957,
      0.022204399542560788,
      0.020322741779758444,
      0.018690347347356334,
      0.017274196315210696,
      0.01604564290554484,
      0.014979836048690916,
      0.014055216697851453
    ]
  }
}